cliente_id,nombre_cliente,email,dominio_email,segmento,fecha_alta
1,Andrés García Díaz,andres.garcia.diaz1@aurora-mail.test,aurora-mail.test,Particular,2023-04-03
2,Andrés Torres López,andres.torres.lopez2@correo.test,correo.test,Particular,2022-03-07
3,Elena Ruiz Navarro,elena.ruiz.navarro3@aurora-corp.test,aurora-corp.test,Particular,2025-02-23
4,Ismael Romero Ruiz,ismael.romero.ruiz4@correo.test,correo.test,Particular,2025-04-21
5,Marta Pérez Romero,marta.perez.romero5@mailbox.test,mailbox.test,Particular,2023-07-24
6,Paula Martín López,paula.martin.lopez6@correo.test,correo.test,Particular,2022-07-18
7,Javier Ramos Díaz,javier.ramos.diaz7@aurora-corp.test,aurora-corp.test,Particular,2024-07-29
8,Nuria López Torres,nuria.lopez.torres8@mailbox.test,mailbox.test,Empresa,2025-07-11
9,Javier Vázquez Gómez,javier.vazquez.gomez9@aurora-corp.test,aurora-corp.test,Empresa,2022-04-04
10,Iván López Ruiz,ivan.lopez.ruiz10@aurora-corp.test,aurora-corp.test,Particular,2024-02-18
11,Javier Pérez Muñoz,javier.perez.muñoz11@mailbox.test,mailbox.test,Empresa,2023-03-06
12,Lucía Ramos Pérez,lucia.ramos.perez12@aurora-mail.test,aurora-mail.test,Particular,2022-12-01
13,Marina Torres Ruiz,marina.torres.ruiz13@mailbox.test,mailbox.test,Particular,2022-04-25
14,Carlos Moreno Álvarez,carlos.moreno.alvarez14@mailbox.test,mailbox.test,Particular,2022-05-16
15,Patricia Moreno Gómez,patricia.moreno.gomez15@correo.test,correo.test,Flota,2024-03-21
16,Clara Sánchez Díaz,clara.sanchez.diaz16@aurora-mail.test,aurora-mail.test,Empresa,2023-05-21
17,Ismael Díaz Vázquez,ismael.diaz.vazquez17@correo.test,correo.test,Particular,2025-04-10
18,Diego Sánchez Navarro,diego.sanchez.navarro18@correo.test,correo.test,Empresa,2022-07-06
19,Andrés Sánchez Pérez,andres.sanchez.perez19@correo.test,correo.test,Particular,2025-05-06
20,Nuria Ramos Alonso,nuria.ramos.alonso20@mailbox.test,mailbox.test,Flota,2025-02-07
21,Marta Martín Torres,marta.martin.torres21@mailbox.test,mailbox.test,Particular,2025-08-05
22,Iván Romero Pérez,ivan.romero.perez22@correo.test,correo.test,Administración,2022-01-07
23,Marina Navarro Pérez,marina.navarro.perez23@aurora-corp.test,aurora-corp.test,Particular,2025-07-04
24,Beatriz Ramos Gómez,beatriz.ramos.gomez24@aurora-mail.test,aurora-mail.test,Empresa,2024-02-05
25,Ismael Navarro García,ismael.navarro.garcia25@mailbox.test,mailbox.test,Particular,2024-09-27
26,Javier Hernández Ruiz,javier.hernandez.ruiz26@aurora-corp.test,aurora-corp.test,Flota,2023-05-09
27,Lucía López Gutiérrez,lucia.lopez.gutierrez27@aurora-corp.test,aurora-corp.test,Empresa,2024-12-26
28,Sofía Gutiérrez Torres,sofia.gutierrez.torres28@aurora-mail.test,aurora-mail.test,Particular,2023-06-27
29,Jorge Romero Gómez,jorge.romero.gomez29@aurora-mail.test,aurora-mail.test,Particular,2023-10-01
30,Javier Alonso Navarro,javier.alonso.navarro30@correo.test,correo.test,Particular,2022-09-05
31,Lucía Moreno García,lucia.moreno.garcia31@aurora-mail.test,aurora-mail.test,Particular,2025-04-20
32,Lucía Rodríguez Ruiz,lucia.rodriguez.ruiz32@aurora-corp.test,aurora-corp.test,Flota,2022-03-06
33,Lucía Navarro Ruiz,lucia.navarro.ruiz33@mailbox.test,mailbox.test,Particular,2025-10-02
34,Ismael Sánchez Vázquez,ismael.sanchez.vazquez34@correo.test,correo.test,Empresa,2023-05-13
35,Adrián Gómez Martín,adrian.gomez.martin35@aurora-corp.test,aurora-corp.test,Particular,2025-09-11
36,Adrián Romero Alonso,adrian.romero.alonso36@aurora-corp.test,aurora-corp.test,Empresa,2025-10-11
37,Andrés Rodríguez Álvarez,andres.rodriguez.alvarez37@mailbox.test,mailbox.test,Particular,2022-08-12
38,Elena Torres Alonso,elena.torres.alonso38@aurora-mail.test,aurora-mail.test,Particular,2024-05-14
39,Clara Ruiz López,clara.ruiz.lopez39@correo.test,correo.test,Particular,2025-02-01
40,Ismael García López,ismael.garcia.lopez40@aurora-mail.test,aurora-mail.test,Particular,2022-12-07
41,Raúl Gómez Álvarez,raul.gomez.alvarez41@aurora-corp.test,aurora-corp.test,Particular,2022-12-04
42,Nuria Díaz Alonso,nuria.diaz.alonso42@mailbox.test,mailbox.test,Empresa,2024-05-16
43,Ismael Gutiérrez Sánchez,ismael.gutierrez.sanchez43@aurora-mail.test,aurora-mail.test,Particular,2023-08-31
44,Carlos Vázquez Torres,carlos.vazquez.torres44@aurora-corp.test,aurora-corp.test,Particular,2023-10-05
45,Patricia Gutiérrez Navarro,patricia.gutierrez.navarro45@aurora-mail.test,aurora-mail.test,Administración,2022-04-27
46,Lucía Pérez López,lucia.perez.lopez46@aurora-corp.test,aurora-corp.test,Flota,2025-10-14
47,Nuria Martín Vázquez,nuria.martin.vazquez47@aurora-mail.test,aurora-mail.test,Particular,2025-03-31
48,Jorge López Romero,jorge.lopez.romero48@mailbox.test,mailbox.test,Particular,2023-06-19
49,Paula Ruiz Díaz,paula.ruiz.diaz49@correo.test,correo.test,Empresa,2022-09-26
50,Iván Alonso Moreno,ivan.alonso.moreno50@aurora-corp.test,aurora-corp.test,Particular,2022-01-20
51,Patricia Martín López,patricia.martin.lopez51@aurora-mail.test,aurora-mail.test,Particular,2024-11-02
52,Javier López Ruiz,javier.lopez.ruiz52@mailbox.test,mailbox.test,Particular,2023-08-07
53,Ismael Hernández Ramos,ismael.hernandez.ramos53@aurora-corp.test,aurora-corp.test,Empresa,2025-09-29
54,Iván Martín Sánchez,ivan.martin.sanchez54@mailbox.test,mailbox.test,Flota,2022-08-25
55,Ismael Sánchez Díaz,ismael.sanchez.diaz55@mailbox.test,mailbox.test,Particular,2025-05-23
56,Paula Gómez Díaz,paula.gomez.diaz56@correo.test,correo.test,Flota,2023-05-30
57,Carlos López Romero,carlos.lopez.romero57@mailbox.test,mailbox.test,Particular,2022-04-01
58,Sofía Díaz Pérez,sofia.diaz.perez58@correo.test,correo.test,Empresa,2025-02-03
59,Ismael García Martín,ismael.garcia.martin59@aurora-corp.test,aurora-corp.test,Particular,2022-11-02
60,Javier Vázquez Torres,javier.vazquez.torres60@aurora-mail.test,aurora-mail.test,Particular,2024-05-30
61,Iván Muñoz Rodríguez,ivan.muñoz.rodriguez61@mailbox.test,mailbox.test,Empresa,2023-03-07
62,Andrés Muñoz Torres,andres.muñoz.torres62@correo.test,correo.test,Empresa,2025-06-25
63,Diego Pérez Pérez,diego.perez.perez63@correo.test,correo.test,Particular,2022-02-20
64,Paula Romero Ruiz,paula.romero.ruiz64@mailbox.test,mailbox.test,Empresa,2022-11-23
65,Andrés Álvarez Rodríguez,andres.alvarez.rodriguez65@correo.test,correo.test,Particular,2023-04-01
66,Clara Muñoz Hernández,clara.muñoz.hernandez66@aurora-mail.test,aurora-mail.test,Particular,2023-04-02
67,Elena Álvarez Moreno,elena.alvarez.moreno67@mailbox.test,mailbox.test,Administración,2022-05-23
68,Marina Muñoz Navarro,marina.muñoz.navarro68@correo.test,correo.test,Administración,2025-10-23
69,Ismael Moreno García,ismael.moreno.garcia69@aurora-corp.test,aurora-corp.test,Particular,2023-06-19
70,Marina Rodríguez Martín,marina.rodriguez.martin70@correo.test,correo.test,Empresa,2023-12-09
71,Paula Romero Ramos,paula.romero.ramos71@aurora-corp.test,aurora-corp.test,Flota,2024-02-28
72,Elena Díaz Rodríguez,elena.diaz.rodriguez72@correo.test,correo.test,Particular,2022-01-04
73,Ismael Gómez Muñoz,ismael.gomez.muñoz73@correo.test,correo.test,Flota,2022-05-24
74,Paula Ramos Moreno,paula.ramos.moreno74@aurora-corp.test,aurora-corp.test,Particular,2023-09-08
75,Adrián Moreno Álvarez,adrian.moreno.alvarez75@mailbox.test,mailbox.test,Particular,2025-02-09
76,Adrián Álvarez Pérez,adrian.alvarez.perez76@mailbox.test,mailbox.test,Particular,2024-04-11
77,Marta Hernández Hernández,marta.hernandez.hernandez77@aurora-mail.test,aurora-mail.test,Empresa,2024-05-30
78,Jorge Moreno Alonso,jorge.moreno.alonso78@correo.test,correo.test,Empresa,2024-06-24
79,Beatriz Gutiérrez Pérez,beatriz.gutierrez.perez79@aurora-corp.test,aurora-corp.test,Particular,2023-08-05
80,Jorge Moreno López,jorge.moreno.lopez80@aurora-mail.test,aurora-mail.test,Particular,2025-10-09
81,Elena Sánchez García,elena.sanchez.garcia81@aurora-corp.test,aurora-corp.test,Administración,2023-05-17
82,Jorge López Alonso,jorge.lopez.alonso82@correo.test,correo.test,Particular,2025-07-13
83,Nuria Gutiérrez Álvarez,nuria.gutierrez.alvarez83@aurora-mail.test,aurora-mail.test,Empresa,2022-10-30
84,Marta Martín Romero,marta.martin.romero84@aurora-mail.test,aurora-mail.test,Empresa,2022-12-27
85,Beatriz Alonso Rodríguez,beatriz.alonso.rodriguez85@aurora-mail.test,aurora-mail.test,Particular,2022-09-06
86,Clara Navarro Torres,clara.navarro.torres86@mailbox.test,mailbox.test,Empresa,2024-06-25
87,Beatriz Romero Torres,beatriz.romero.torres87@correo.test,correo.test,Empresa,2022-11-22
88,Raúl Alonso Díaz,raul.alonso.diaz88@aurora-mail.test,aurora-mail.test,Particular,2025-07-29
89,Beatriz Gutiérrez Ruiz,beatriz.gutierrez.ruiz89@mailbox.test,mailbox.test,Particular,2024-06-19
90,Iván Ruiz Díaz,ivan.ruiz.diaz90@mailbox.test,mailbox.test,Flota,2023-10-17
91,Lucía Sánchez Sánchez,lucia.sanchez.sanchez91@aurora-mail.test,aurora-mail.test,Empresa,2024-02-24
92,Elena López Romero,elena.lopez.romero92@correo.test,correo.test,Particular,2023-11-09
93,Adrián Rodríguez Gómez,adrian.rodriguez.gomez93@correo.test,correo.test,Flota,2024-03-08
94,Patricia García Vázquez,patricia.garcia.vazquez94@correo.test,correo.test,Particular,2024-09-03
95,Javier Hernández Álvarez,javier.hernandez.alvarez95@correo.test,correo.test,Empresa,2025-01-07
96,Ismael Ramos Ruiz,ismael.ramos.ruiz96@correo.test,correo.test,Particular,2023-03-26
97,Raúl García Álvarez,raul.garcia.alvarez97@mailbox.test,mailbox.test,Empresa,2025-10-01
98,Nuria Pérez Alonso,nuria.perez.alonso98@aurora-mail.test,aurora-mail.test,Particular,2025-06-28
99,Nuria Vázquez Vázquez,nuria.vazquez.vazquez99@aurora-corp.test,aurora-corp.test,Empresa,2022-06-21
100,Sofía Alonso Pérez,sofia.alonso.perez100@aurora-corp.test,aurora-corp.test,Particular,2023-06-17
101,Elena Alonso Moreno,elena.alonso.moreno101@mailbox.test,mailbox.test,Particular,2024-02-16
102,Adrián Díaz López,adrian.diaz.lopez102@correo.test,correo.test,Empresa,2022-02-09
103,Carlos Muñoz Ruiz,carlos.muñoz.ruiz103@aurora-corp.test,aurora-corp.test,Particular,2025-08-27
104,Marta Ruiz Gómez,marta.ruiz.gomez104@aurora-corp.test,aurora-corp.test,Particular,2025-06-26
105,Sofía Gutiérrez Martín,sofia.gutierrez.martin105@aurora-mail.test,aurora-mail.test,Empresa,2024-08-10
106,Javier Pérez Ramos,javier.perez.ramos106@aurora-corp.test,aurora-corp.test,Administración,2022-12-02
107,Andrés Vázquez García,andres.vazquez.garcia107@mailbox.test,mailbox.test,Empresa,2025-03-25
108,Nuria Álvarez Gómez,nuria.alvarez.gomez108@aurora-corp.test,aurora-corp.test,Empresa,2025-04-27
109,Diego Martín Hernández,diego.martin.hernandez109@aurora-corp.test,aurora-corp.test,Empresa,2025-03-05
110,Javier Torres Romero,javier.torres.romero110@mailbox.test,mailbox.test,Particular,2022-05-22
111,Paula García Romero,paula.garcia.romero111@correo.test,correo.test,Particular,2022-08-05
112,Javier Alonso Sánchez,javier.alonso.sanchez112@correo.test,correo.test,Empresa,2022-12-27
113,Marina Ramos Torres,marina.ramos.torres113@correo.test,correo.test,Particular,2024-08-10
114,Patricia Díaz Moreno,patricia.diaz.moreno114@aurora-mail.test,aurora-mail.test,Particular,2022-06-27
115,Clara Ruiz Alonso,clara.ruiz.alonso115@correo.test,correo.test,Particular,2023-11-20
116,Paula Pérez Gutiérrez,paula.perez.gutierrez116@aurora-mail.test,aurora-mail.test,Empresa,2023-12-28
117,Paula Díaz Ramos,paula.diaz.ramos117@mailbox.test,mailbox.test,Particular,2025-02-12
118,Elena López Ruiz,elena.lopez.ruiz118@correo.test,correo.test,Particular,2024-09-27
119,Diego Gutiérrez Gutiérrez,diego.gutierrez.gutierrez119@correo.test,correo.test,Particular,2022-02-05
120,Diego Álvarez Ruiz,diego.alvarez.ruiz120@mailbox.test,mailbox.test,Particular,2025-09-21
121,Raúl Torres Navarro,raul.torres.navarro121@mailbox.test,mailbox.test,Administración,2024-05-21
122,Ismael Moreno Muñoz,ismael.moreno.muñoz122@correo.test,correo.test,Particular,2023-07-09
123,Diego Martín Gómez,diego.martin.gomez123@mailbox.test,mailbox.test,Empresa,2022-09-02
124,Pablo Gómez Gómez,pablo.gomez.gomez124@correo.test,correo.test,Empresa,2023-07-21
125,Beatriz Ramos Hernández,beatriz.ramos.hernandez125@aurora-corp.test,aurora-corp.test,Particular,2023-02-02
126,Javier Pérez Hernández,javier.perez.hernandez126@aurora-corp.test,aurora-corp.test,Particular,2024-12-29
127,Carlos Rodríguez Torres,carlos.rodriguez.torres127@mailbox.test,mailbox.test,Empresa,2022-09-16
128,Raúl Martín García,raul.martin.garcia128@mailbox.test,mailbox.test,Particular,2024-08-19
129,Paula Pérez Rodríguez,paula.perez.rodriguez129@mailbox.test,mailbox.test,Particular,2024-09-05
130,Lucía Álvarez Gutiérrez,lucia.alvarez.gutierrez130@aurora-corp.test,aurora-corp.test,Empresa,2025-03-27
131,Carlos Sánchez Sánchez,carlos.sanchez.sanchez131@mailbox.test,mailbox.test,Administración,2022-06-24
132,Andrés Torres Romero,andres.torres.romero132@aurora-mail.test,aurora-mail.test,Particular,2024-12-06
133,Clara Hernández Vázquez,clara.hernandez.vazquez133@correo.test,correo.test,Particular,2023-09-18
134,Carlos Ramos Martín,carlos.ramos.martin134@aurora-mail.test,aurora-mail.test,Particular,2025-07-05
135,Lucía Pérez Ruiz,lucia.perez.ruiz135@aurora-mail.test,aurora-mail.test,Particular,2025-02-04
136,Marta Romero Alonso,marta.romero.alonso136@correo.test,correo.test,Particular,2023-08-20
137,Iván Hernández Alonso,ivan.hernandez.alonso137@aurora-corp.test,aurora-corp.test,Flota,2023-04-24
138,Patricia Gómez Romero,patricia.gomez.romero138@aurora-corp.test,aurora-corp.test,Particular,2025-01-20
139,Sofía Díaz Sánchez,sofia.diaz.sanchez139@aurora-corp.test,aurora-corp.test,Particular,2022-05-03
140,Iván Ramos Vázquez,ivan.ramos.vazquez140@mailbox.test,mailbox.test,Particular,2024-06-18
141,Iván Álvarez Díaz,ivan.alvarez.diaz141@correo.test,correo.test,Particular,2024-06-15
142,Carlos Romero Moreno,carlos.romero.moreno142@mailbox.test,mailbox.test,Particular,2022-02-22
143,Patricia Vázquez García,patricia.vazquez.garcia143@mailbox.test,mailbox.test,Particular,2025-03-26
144,Pablo Gutiérrez Navarro,pablo.gutierrez.navarro144@correo.test,correo.test,Particular,2023-07-24
145,Patricia Romero Gutiérrez,patricia.romero.gutierrez145@aurora-corp.test,aurora-corp.test,Particular,2024-08-20
146,Paula Moreno Martín,paula.moreno.martin146@aurora-mail.test,aurora-mail.test,Particular,2023-11-07
147,Raúl Hernández Álvarez,raul.hernandez.alvarez147@aurora-corp.test,aurora-corp.test,Particular,2024-07-20
148,Marina Moreno Martín,marina.moreno.martin148@correo.test,correo.test,Empresa,2024-11-19
149,Marta Torres Alonso,marta.torres.alonso149@correo.test,correo.test,Particular,2022-04-22
150,Javier Ramos Gutiérrez,javier.ramos.gutierrez150@correo.test,correo.test,Particular,2022-04-16
151,Ismael Sánchez Hernández,ismael.sanchez.hernandez151@correo.test,correo.test,Particular,2024-09-19
152,Jorge Ruiz Pérez,jorge.ruiz.perez152@mailbox.test,mailbox.test,Particular,2025-02-02
153,Adrián López Ruiz,adrian.lopez.ruiz153@aurora-corp.test,aurora-corp.test,Flota,2024-08-03
154,Sofía Gutiérrez Hernández,sofia.gutierrez.hernandez154@mailbox.test,mailbox.test,Empresa,2024-04-30
155,Raúl Ruiz Alonso,raul.ruiz.alonso155@aurora-mail.test,aurora-mail.test,Particular,2024-02-25
156,Jorge Navarro Sánchez,jorge.navarro.sanchez156@aurora-corp.test,aurora-corp.test,Empresa,2023-07-20
157,Adrián Moreno Navarro,adrian.moreno.navarro157@mailbox.test,mailbox.test,Particular,2022-01-06
158,Iván Vázquez Vázquez,ivan.vazquez.vazquez158@correo.test,correo.test,Particular,2022-11-01
159,Raúl Muñoz Moreno,raul.muñoz.moreno159@correo.test,correo.test,Flota,2024-07-21
160,Elena Ruiz Vázquez,elena.ruiz.vazquez160@correo.test,correo.test,Flota,2023-04-24
161,Adrián Rodríguez Moreno,adrian.rodriguez.moreno161@correo.test,correo.test,Particular,2024-02-20
162,Sofía Gutiérrez Rodríguez,sofia.gutierrez.rodriguez162@aurora-mail.test,aurora-mail.test,Administración,2024-10-25
163,Paula Martín Alonso,paula.martin.alonso163@aurora-corp.test,aurora-corp.test,Flota,2024-12-13
164,Marta Sánchez Romero,marta.sanchez.romero164@aurora-mail.test,aurora-mail.test,Particular,2022-06-03
165,Marina Moreno Ramos,marina.moreno.ramos165@correo.test,correo.test,Particular,2025-08-23
166,Paula Torres Álvarez,paula.torres.alvarez166@mailbox.test,mailbox.test,Empresa,2025-07-07
167,Raúl Torres Rodríguez,raul.torres.rodriguez167@aurora-corp.test,aurora-corp.test,Empresa,2023-04-26
168,Iván Ruiz López,ivan.ruiz.lopez168@correo.test,correo.test,Empresa,2022-07-21
169,Andrés Alonso Pérez,andres.alonso.perez169@mailbox.test,mailbox.test,Particular,2022-03-01
170,Carlos Hernández Muñoz,carlos.hernandez.muñoz170@mailbox.test,mailbox.test,Particular,2024-06-01
171,Beatriz Romero Vázquez,beatriz.romero.vazquez171@aurora-mail.test,aurora-mail.test,Particular,2022-12-15
172,Jorge Álvarez Ramos,jorge.alvarez.ramos172@aurora-mail.test,aurora-mail.test,Flota,2024-10-16
173,Sofía Ruiz Alonso,sofia.ruiz.alonso173@mailbox.test,mailbox.test,Particular,2024-07-30
174,Marta Alonso Hernández,marta.alonso.hernandez174@aurora-mail.test,aurora-mail.test,Particular,2022-06-01
175,Javier Vázquez Hernández,javier.vazquez.hernandez175@correo.test,correo.test,Particular,2023-05-28
176,Iván Gómez Álvarez,ivan.gomez.alvarez176@correo.test,correo.test,Particular,2022-08-07
177,Patricia Muñoz Vázquez,patricia.muñoz.vazquez177@mailbox.test,mailbox.test,Particular,2023-08-28
178,Nuria Díaz García,nuria.diaz.garcia178@aurora-corp.test,aurora-corp.test,Empresa,2025-05-26
179,Iván Ruiz Ramos,ivan.ruiz.ramos179@mailbox.test,mailbox.test,Empresa,2023-03-25
180,Jorge Díaz Sánchez,jorge.diaz.sanchez180@aurora-corp.test,aurora-corp.test,Empresa,2025-07-09
181,Iván Alonso Rodríguez,ivan.alonso.rodriguez181@mailbox.test,mailbox.test,Particular,2022-09-27
182,Iván Moreno Romero,ivan.moreno.romero182@aurora-mail.test,aurora-mail.test,Particular,2023-02-16
183,Ismael Muñoz Navarro,ismael.muñoz.navarro183@mailbox.test,mailbox.test,Particular,2022-12-03
184,Raúl Hernández Moreno,raul.hernandez.moreno184@aurora-corp.test,aurora-corp.test,Administración,2024-08-17
185,Sofía Ruiz Álvarez,sofia.ruiz.alvarez185@mailbox.test,mailbox.test,Empresa,2022-07-04
186,Marta Díaz Torres,marta.diaz.torres186@aurora-corp.test,aurora-corp.test,Particular,2024-07-20
187,Marina Vázquez Álvarez,marina.vazquez.alvarez187@mailbox.test,mailbox.test,Empresa,2022-08-10
188,Raúl García Ramos,raul.garcia.ramos188@mailbox.test,mailbox.test,Particular,2025-06-03
189,Lucía Alonso Hernández,lucia.alonso.hernandez189@correo.test,correo.test,Particular,2022-08-27
190,Carlos Hernández Gutiérrez,carlos.hernandez.gutierrez190@aurora-corp.test,aurora-corp.test,Particular,2022-07-19
191,Ismael Sánchez Álvarez,ismael.sanchez.alvarez191@correo.test,correo.test,Empresa,2024-01-30
192,Ismael Romero Vázquez,ismael.romero.vazquez192@aurora-mail.test,aurora-mail.test,Empresa,2024-04-29
193,Raúl Ramos Romero,raul.ramos.romero193@mailbox.test,mailbox.test,Empresa,2022-03-09
194,Elena Alonso Alonso,elena.alonso.alonso194@aurora-mail.test,aurora-mail.test,Particular,2024-01-13
195,Javier Torres Muñoz,javier.torres.muñoz195@aurora-corp.test,aurora-corp.test,Particular,2024-03-26
196,Andrés Alonso López,andres.alonso.lopez196@aurora-mail.test,aurora-mail.test,Empresa,2025-08-07
197,Marta Rodríguez Moreno,marta.rodriguez.moreno197@aurora-mail.test,aurora-mail.test,Empresa,2022-09-15
198,Elena López Torres,elena.lopez.torres198@aurora-mail.test,aurora-mail.test,Particular,2025-04-15
199,Diego Moreno Sánchez,diego.moreno.sanchez199@aurora-corp.test,aurora-corp.test,Flota,2023-07-22
200,Sofía Sánchez Torres,sofia.sanchez.torres200@mailbox.test,mailbox.test,Particular,2022-12-24
201,Marta Sánchez García,marta.sanchez.garcia201@mailbox.test,mailbox.test,Particular,2023-05-03
202,Marta Pérez Díaz,marta.perez.diaz202@aurora-corp.test,aurora-corp.test,Empresa,2022-09-17
203,Beatriz Martín López,beatriz.martin.lopez203@correo.test,correo.test,Empresa,2024-07-07
204,Beatriz Vázquez Martín,beatriz.vazquez.martin204@correo.test,correo.test,Particular,2024-10-28
205,Jorge Rodríguez Navarro,jorge.rodriguez.navarro205@mailbox.test,mailbox.test,Empresa,2024-07-27
206,Marta Rodríguez Gutiérrez,marta.rodriguez.gutierrez206@correo.test,correo.test,Empresa,2024-05-23
207,Raúl Alonso López,raul.alonso.lopez207@aurora-corp.test,aurora-corp.test,Empresa,2023-10-22
208,Lucía Sánchez Díaz,lucia.sanchez.diaz208@mailbox.test,mailbox.test,Administración,2024-02-20
209,Beatriz Hernández Alonso,beatriz.hernandez.alonso209@correo.test,correo.test,Empresa,2022-07-23
210,Andrés Torres Gómez,andres.torres.gomez210@correo.test,correo.test,Flota,2024-07-13
211,Adrián Moreno Alonso,adrian.moreno.alonso211@correo.test,correo.test,Empresa,2024-05-01
212,Paula Romero Moreno,paula.romero.moreno212@mailbox.test,mailbox.test,Administración,2024-02-06
213,Raúl López López,raul.lopez.lopez213@aurora-corp.test,aurora-corp.test,Particular,2022-07-10
214,Javier Sánchez Torres,javier.sanchez.torres214@aurora-corp.test,aurora-corp.test,Administración,2025-04-16
215,Ismael Moreno Martín,ismael.moreno.martin215@correo.test,correo.test,Flota,2023-12-26
216,Adrián Rodríguez Hernández,adrian.rodriguez.hernandez216@mailbox.test,mailbox.test,Particular,2023-12-22
217,Beatriz Gómez Sánchez,beatriz.gomez.sanchez217@correo.test,correo.test,Empresa,2023-04-05
218,Javier Torres Muñoz,javier.torres.muñoz218@aurora-corp.test,aurora-corp.test,Particular,2023-07-25
219,Adrián Torres Ramos,adrian.torres.ramos219@aurora-corp.test,aurora-corp.test,Flota,2025-06-01
220,Marina García Pérez,marina.garcia.perez220@mailbox.test,mailbox.test,Flota,2023-09-25
221,Javier García Pérez,javier.garcia.perez221@aurora-mail.test,aurora-mail.test,Empresa,2025-03-05
222,Lucía Sánchez García,lucia.sanchez.garcia222@aurora-corp.test,aurora-corp.test,Particular,2024-12-22
223,Adrián Alonso Moreno,adrian.alonso.moreno223@aurora-mail.test,aurora-mail.test,Particular,2024-01-28
224,Paula Vázquez Ramos,paula.vazquez.ramos224@aurora-corp.test,aurora-corp.test,Particular,2022-04-18
225,Jorge Rodríguez López,jorge.rodriguez.lopez225@mailbox.test,mailbox.test,Empresa,2024-06-26
226,Raúl Ramos Alonso,raul.ramos.alonso226@correo.test,correo.test,Particular,2023-07-14
227,Beatriz Martín Muñoz,beatriz.martin.muñoz227@correo.test,correo.test,Particular,2022-08-16
228,Patricia Gutiérrez Navarro,patricia.gutierrez.navarro228@mailbox.test,mailbox.test,Particular,2022-04-04
229,Jorge Rodríguez García,jorge.rodriguez.garcia229@aurora-mail.test,aurora-mail.test,Flota,2023-09-10
230,Sofía Díaz Hernández,sofia.diaz.hernandez230@mailbox.test,mailbox.test,Particular,2022-09-03
231,Adrián Pérez Sánchez,adrian.perez.sanchez231@correo.test,correo.test,Empresa,2024-12-26
232,Beatriz Torres Muñoz,beatriz.torres.muñoz232@aurora-corp.test,aurora-corp.test,Flota,2024-03-24
233,Carlos Romero García,carlos.romero.garcia233@correo.test,correo.test,Flota,2022-06-09
234,Patricia Romero Vázquez,patricia.romero.vazquez234@correo.test,correo.test,Particular,2025-08-04
235,Andrés Álvarez García,andres.alvarez.garcia235@mailbox.test,mailbox.test,Empresa,2022-12-18
236,Jorge Alonso Muñoz,jorge.alonso.muñoz236@aurora-corp.test,aurora-corp.test,Empresa,2024-06-13
237,Diego Romero Vázquez,diego.romero.vazquez237@correo.test,correo.test,Particular,2024-12-09
238,Iván Moreno Ruiz,ivan.moreno.ruiz238@mailbox.test,mailbox.test,Particular,2022-12-11
239,Andrés Navarro Navarro,andres.navarro.navarro239@aurora-mail.test,aurora-mail.test,Particular,2023-12-17
240,Sofía Ruiz Martín,sofia.ruiz.martin240@aurora-mail.test,aurora-mail.test,Particular,2023-06-09
241,Jorge Sánchez López,jorge.sanchez.lopez241@aurora-mail.test,aurora-mail.test,Particular,2025-07-10
242,Patricia Vázquez Alonso,patricia.vazquez.alonso242@mailbox.test,mailbox.test,Particular,2025-07-08
243,Clara López Gutiérrez,clara.lopez.gutierrez243@correo.test,correo.test,Particular,2025-07-17
244,Marina Vázquez Rodríguez,marina.vazquez.rodriguez244@mailbox.test,mailbox.test,Particular,2024-11-05
245,Clara Alonso Rodríguez,clara.alonso.rodriguez245@aurora-corp.test,aurora-corp.test,Empresa,2024-01-26
246,Lucía López Ramos,lucia.lopez.ramos246@correo.test,correo.test,Particular,2024-08-05
247,Carlos Alonso Vázquez,carlos.alonso.vazquez247@aurora-mail.test,aurora-mail.test,Empresa,2023-10-21
248,Beatriz Sánchez Rodríguez,beatriz.sanchez.rodriguez248@correo.test,correo.test,Empresa,2022-07-31
249,Paula López Navarro,paula.lopez.navarro249@aurora-mail.test,aurora-mail.test,Particular,2022-03-22
250,Clara Alonso Navarro,clara.alonso.navarro250@aurora-mail.test,aurora-mail.test,Particular,2024-01-16
251,Iván Álvarez Romero,ivan.alvarez.romero251@mailbox.test,mailbox.test,Particular,2025-10-22
252,Paula López Moreno,paula.lopez.moreno252@aurora-corp.test,aurora-corp.test,Empresa,2025-02-16
253,Iván Díaz Ramos,ivan.diaz.ramos253@aurora-mail.test,aurora-mail.test,Particular,2023-11-14
254,Sofía Muñoz Hernández,sofia.muñoz.hernandez254@correo.test,correo.test,Particular,2022-09-22
255,Lucía Hernández Torres,lucia.hernandez.torres255@correo.test,correo.test,Empresa,2025-08-10
256,Sofía Navarro López,sofia.navarro.lopez256@correo.test,correo.test,Particular,2024-11-07
257,Javier Hernández Pérez,javier.hernandez.perez257@aurora-mail.test,aurora-mail.test,Flota,2023-12-01
258,Raúl Gómez Ruiz,raul.gomez.ruiz258@aurora-mail.test,aurora-mail.test,Particular,2022-11-14
259,Andrés Navarro Torres,andres.navarro.torres259@aurora-corp.test,aurora-corp.test,Particular,2025-09-17
260,Jorge Sánchez Ramos,jorge.sanchez.ramos260@correo.test,correo.test,Particular,2022-11-12
261,Jorge Pérez Alonso,jorge.perez.alonso261@aurora-corp.test,aurora-corp.test,Particular,2024-04-21
262,Diego Alonso Ramos,diego.alonso.ramos262@mailbox.test,mailbox.test,Particular,2024-07-08
263,Diego Hernández Gutiérrez,diego.hernandez.gutierrez263@aurora-mail.test,aurora-mail.test,Empresa,2024-01-24
264,Patricia Alonso Alonso,patricia.alonso.alonso264@mailbox.test,mailbox.test,Particular,2024-02-22
265,Adrián Pérez Gómez,adrian.perez.gomez265@aurora-mail.test,aurora-mail.test,Particular,2023-05-28
266,Raúl Muñoz Torres,raul.muñoz.torres266@aurora-corp.test,aurora-corp.test,Flota,2024-11-22
267,Iván López Pérez,ivan.lopez.perez267@mailbox.test,mailbox.test,Flota,2024-07-09
268,Sofía Romero López,sofia.romero.lopez268@aurora-mail.test,aurora-mail.test,Flota,2024-07-12
269,Marta Romero Rodríguez,marta.romero.rodriguez269@correo.test,correo.test,Particular,2024-10-25
270,Nuria López Muñoz,nuria.lopez.muñoz270@aurora-mail.test,aurora-mail.test,Particular,2022-02-27
271,Andrés Moreno Sánchez,andres.moreno.sanchez271@aurora-mail.test,aurora-mail.test,Particular,2022-03-20
272,Raúl Sánchez Gutiérrez,raul.sanchez.gutierrez272@correo.test,correo.test,Particular,2025-06-14
273,Lucía García Díaz,lucia.garcia.diaz273@aurora-mail.test,aurora-mail.test,Particular,2022-11-03
274,Jorge Navarro Romero,jorge.navarro.romero274@aurora-corp.test,aurora-corp.test,Particular,2023-08-14
275,Andrés Rodríguez Ruiz,andres.rodriguez.ruiz275@correo.test,correo.test,Empresa,2025-08-01
276,Clara López Martín,clara.lopez.martin276@correo.test,correo.test,Particular,2025-05-07
277,Beatriz Vázquez Ruiz,beatriz.vazquez.ruiz277@aurora-mail.test,aurora-mail.test,Particular,2023-08-20
278,Jorge Muñoz Ruiz,jorge.muñoz.ruiz278@correo.test,correo.test,Empresa,2023-01-19
279,Lucía Navarro Muñoz,lucia.navarro.muñoz279@aurora-corp.test,aurora-corp.test,Particular,2024-12-13
280,Beatriz Torres García,beatriz.torres.garcia280@correo.test,correo.test,Particular,2024-08-20
281,Nuria Muñoz Díaz,nuria.muñoz.diaz281@aurora-corp.test,aurora-corp.test,Empresa,2024-01-02
282,Javier Ruiz Martín,javier.ruiz.martin282@mailbox.test,mailbox.test,Particular,2022-10-01
283,Ismael Moreno Pérez,ismael.moreno.perez283@correo.test,correo.test,Empresa,2024-09-07
284,Sofía López Alonso,sofia.lopez.alonso284@aurora-corp.test,aurora-corp.test,Particular,2023-08-24
285,Elena Rodríguez Moreno,elena.rodriguez.moreno285@mailbox.test,mailbox.test,Particular,2024-11-21
286,Ismael Gutiérrez Díaz,ismael.gutierrez.diaz286@aurora-corp.test,aurora-corp.test,Particular,2025-08-17
287,Javier Rodríguez Moreno,javier.rodriguez.moreno287@mailbox.test,mailbox.test,Empresa,2022-09-12
288,Adrián Álvarez Alonso,adrian.alvarez.alonso288@correo.test,correo.test,Administración,2023-11-26
289,Raúl Gutiérrez Muñoz,raul.gutierrez.muñoz289@mailbox.test,mailbox.test,Empresa,2022-06-19
290,Lucía Romero Ramos,lucia.romero.ramos290@aurora-mail.test,aurora-mail.test,Particular,2025-01-22
291,Andrés López Moreno,andres.lopez.moreno291@mailbox.test,mailbox.test,Particular,2023-09-20
292,Adrián Pérez Alonso,adrian.perez.alonso292@mailbox.test,mailbox.test,Particular,2024-07-04
293,Javier Ramos Romero,javier.ramos.romero293@mailbox.test,mailbox.test,Administración,2025-08-02
294,Carlos López Álvarez,carlos.lopez.alvarez294@mailbox.test,mailbox.test,Empresa,2024-11-16
295,Pablo García Sánchez,pablo.garcia.sanchez295@correo.test,correo.test,Particular,2022-03-13
296,Diego Muñoz Muñoz,diego.muñoz.muñoz296@correo.test,correo.test,Particular,2025-03-07
297,Sofía Alonso Muñoz,sofia.alonso.muñoz297@mailbox.test,mailbox.test,Empresa,2024-06-28
298,Patricia Sánchez Navarro,patricia.sanchez.navarro298@mailbox.test,mailbox.test,Particular,2024-03-26
299,Marina Ruiz Martín,marina.ruiz.martin299@aurora-corp.test,aurora-corp.test,Particular,2023-01-17
300,Nuria Torres Martín,nuria.torres.martin300@mailbox.test,mailbox.test,Empresa,2023-06-18
301,Elena Ramos Hernández,elena.ramos.hernandez301@correo.test,correo.test,Particular,2023-02-14
302,Lucía Alonso Pérez,lucia.alonso.perez302@correo.test,correo.test,Empresa,2022-06-29
303,Paula Muñoz López,paula.muñoz.lopez303@mailbox.test,mailbox.test,Flota,2023-09-07
304,Pablo Muñoz Navarro,pablo.muñoz.navarro304@aurora-mail.test,aurora-mail.test,Administración,2022-09-06
305,Sofía Ruiz Gutiérrez,sofia.ruiz.gutierrez305@aurora-corp.test,aurora-corp.test,Particular,2024-01-10
306,Javier Alonso Torres,javier.alonso.torres306@aurora-mail.test,aurora-mail.test,Flota,2025-06-07
307,Lucía Hernández Álvarez,lucia.hernandez.alvarez307@correo.test,correo.test,Particular,2024-12-12
308,Adrián Vázquez López,adrian.vazquez.lopez308@aurora-mail.test,aurora-mail.test,Empresa,2023-10-12
309,Clara Alonso Navarro,clara.alonso.navarro309@mailbox.test,mailbox.test,Flota,2022-09-20
310,Ismael Vázquez Pérez,ismael.vazquez.perez310@aurora-mail.test,aurora-mail.test,Particular,2024-06-05
311,Carlos Martín Navarro,carlos.martin.navarro311@aurora-mail.test,aurora-mail.test,Particular,2023-09-15
312,Paula Ruiz Muñoz,paula.ruiz.muñoz312@mailbox.test,mailbox.test,Particular,2022-06-11
313,Ismael Díaz Sánchez,ismael.diaz.sanchez313@mailbox.test,mailbox.test,Particular,2025-06-12
314,Beatriz Pérez Vázquez,beatriz.perez.vazquez314@aurora-mail.test,aurora-mail.test,Empresa,2022-12-17
315,Jorge Moreno Vázquez,jorge.moreno.vazquez315@aurora-corp.test,aurora-corp.test,Particular,2022-02-28
316,Patricia Díaz Gómez,patricia.diaz.gomez316@correo.test,correo.test,Empresa,2025-06-19
317,Raúl Torres Hernández,raul.torres.hernandez317@mailbox.test,mailbox.test,Particular,2024-09-16
318,Nuria Hernández Alonso,nuria.hernandez.alonso318@aurora-corp.test,aurora-corp.test,Particular,2022-05-03
319,Adrián Gutiérrez Alonso,adrian.gutierrez.alonso319@aurora-mail.test,aurora-mail.test,Empresa,2023-11-28
320,Paula Moreno Muñoz,paula.moreno.muñoz320@correo.test,correo.test,Empresa,2022-09-25
321,Beatriz Torres Martín,beatriz.torres.martin321@mailbox.test,mailbox.test,Particular,2023-05-11
322,Marina Alonso Ruiz,marina.alonso.ruiz322@aurora-mail.test,aurora-mail.test,Particular,2022-07-18
323,Nuria Ramos Romero,nuria.ramos.romero323@aurora-mail.test,aurora-mail.test,Empresa,2022-11-24
324,Patricia Moreno Gómez,patricia.moreno.gomez324@aurora-mail.test,aurora-mail.test,Administración,2024-10-17
325,Clara Gutiérrez Hernández,clara.gutierrez.hernandez325@correo.test,correo.test,Particular,2022-02-17
326,Nuria Navarro Alonso,nuria.navarro.alonso326@aurora-mail.test,aurora-mail.test,Particular,2023-03-17
327,Carlos Rodríguez Hernández,carlos.rodriguez.hernandez327@correo.test,correo.test,Flota,2025-05-08
328,Raúl Hernández Torres,raul.hernandez.torres328@aurora-corp.test,aurora-corp.test,Particular,2022-08-09
329,Marina Muñoz Álvarez,marina.muñoz.alvarez329@mailbox.test,mailbox.test,Particular,2022-04-03
330,Patricia Torres Gómez,patricia.torres.gomez330@mailbox.test,mailbox.test,Particular,2025-02-07
331,Nuria Navarro Alonso,nuria.navarro.alonso331@mailbox.test,mailbox.test,Empresa,2025-06-30
332,Andrés Sánchez Martín,andres.sanchez.martin332@correo.test,correo.test,Empresa,2024-02-04
333,Paula Torres Muñoz,paula.torres.muñoz333@aurora-mail.test,aurora-mail.test,Empresa,2023-02-12
334,Nuria Navarro Rodríguez,nuria.navarro.rodriguez334@aurora-corp.test,aurora-corp.test,Particular,2022-03-21
335,Paula Gutiérrez Navarro,paula.gutierrez.navarro335@correo.test,correo.test,Empresa,2022-11-02
336,Beatriz Sánchez Moreno,beatriz.sanchez.moreno336@mailbox.test,mailbox.test,Particular,2022-11-29
337,Jorge Hernández Vázquez,jorge.hernandez.vazquez337@mailbox.test,mailbox.test,Empresa,2024-11-04
338,Ismael Gutiérrez Vázquez,ismael.gutierrez.vazquez338@mailbox.test,mailbox.test,Empresa,2024-08-30
339,Javier Moreno Martín,javier.moreno.martin339@correo.test,correo.test,Particular,2025-04-10
340,Marta Ramos Gutiérrez,marta.ramos.gutierrez340@mailbox.test,mailbox.test,Empresa,2025-09-04
341,Patricia Vázquez Ruiz,patricia.vazquez.ruiz341@aurora-corp.test,aurora-corp.test,Particular,2025-04-10
342,Beatriz Ramos Álvarez,beatriz.ramos.alvarez342@aurora-mail.test,aurora-mail.test,Particular,2025-10-26
343,Patricia Martín Gómez,patricia.martin.gomez343@aurora-corp.test,aurora-corp.test,Particular,2024-06-22
344,Sofía Romero Gómez,sofia.romero.gomez344@correo.test,correo.test,Empresa,2024-10-24
345,Raúl Rodríguez Sánchez,raul.rodriguez.sanchez345@aurora-mail.test,aurora-mail.test,Particular,2025-02-22
346,Raúl Navarro Álvarez,raul.navarro.alvarez346@mailbox.test,mailbox.test,Particular,2022-12-21
347,Ismael Moreno Torres,ismael.moreno.torres347@mailbox.test,mailbox.test,Empresa,2025-10-16
348,Marina Ramos Gutiérrez,marina.ramos.gutierrez348@aurora-mail.test,aurora-mail.test,Particular,2023-05-20
349,Iván Ruiz Hernández,ivan.ruiz.hernandez349@mailbox.test,mailbox.test,Empresa,2023-03-01
350,Raúl Moreno Gutiérrez,raul.moreno.gutierrez350@mailbox.test,mailbox.test,Flota,2025-02-21
351,Marina Hernández Martín,marina.hernandez.martin351@correo.test,correo.test,Empresa,2024-03-19
352,Sofía Hernández Rodríguez,sofia.hernandez.rodriguez352@mailbox.test,mailbox.test,Particular,2022-06-11
353,Clara Díaz Gutiérrez,clara.diaz.gutierrez353@aurora-mail.test,aurora-mail.test,Empresa,2023-02-18
354,Marina Torres Díaz,marina.torres.diaz354@aurora-mail.test,aurora-mail.test,Empresa,2022-08-12
355,Patricia Ruiz Ruiz,patricia.ruiz.ruiz355@aurora-corp.test,aurora-corp.test,Flota,2025-10-03
356,Diego Ruiz Rodríguez,diego.ruiz.rodriguez356@aurora-corp.test,aurora-corp.test,Particular,2024-04-26
357,Raúl Martín Sánchez,raul.martin.sanchez357@aurora-corp.test,aurora-corp.test,Administración,2025-02-01
358,Pablo Romero Gutiérrez,pablo.romero.gutierrez358@correo.test,correo.test,Particular,2025-08-25
359,Iván Moreno Hernández,ivan.moreno.hernandez359@aurora-corp.test,aurora-corp.test,Empresa,2022-07-03
360,Diego Torres Rodríguez,diego.torres.rodriguez360@aurora-mail.test,aurora-mail.test,Flota,2024-05-05
361,Pablo Rodríguez Álvarez,pablo.rodriguez.alvarez361@correo.test,correo.test,Flota,2023-01-17
362,Iván Rodríguez García,ivan.rodriguez.garcia362@mailbox.test,mailbox.test,Empresa,2025-03-09
363,Paula Hernández Alonso,paula.hernandez.alonso363@correo.test,correo.test,Flota,2022-10-02
364,Clara Díaz Gómez,clara.diaz.gomez364@aurora-corp.test,aurora-corp.test,Particular,2023-11-09
365,Clara Díaz Pérez,clara.diaz.perez365@aurora-corp.test,aurora-corp.test,Empresa,2023-11-22
366,Patricia Gómez Pérez,patricia.gomez.perez366@correo.test,correo.test,Particular,2024-05-25
367,Lucía Álvarez Martín,lucia.alvarez.martin367@aurora-mail.test,aurora-mail.test,Particular,2022-10-15
368,Diego García Díaz,diego.garcia.diaz368@correo.test,correo.test,Particular,2023-04-28
369,Marina Moreno Hernández,marina.moreno.hernandez369@aurora-corp.test,aurora-corp.test,Empresa,2023-06-20
370,Diego Rodríguez Martín,diego.rodriguez.martin370@correo.test,correo.test,Particular,2023-09-21
371,Beatriz Hernández Martín,beatriz.hernandez.martin371@mailbox.test,mailbox.test,Empresa,2024-01-23
372,Diego Sánchez Gutiérrez,diego.sanchez.gutierrez372@aurora-mail.test,aurora-mail.test,Empresa,2024-07-20
373,Jorge Muñoz Romero,jorge.muñoz.romero373@correo.test,correo.test,Empresa,2025-01-05
374,Elena Ruiz Ramos,elena.ruiz.ramos374@aurora-corp.test,aurora-corp.test,Particular,2024-12-12
375,Javier López Vázquez,javier.lopez.vazquez375@aurora-corp.test,aurora-corp.test,Empresa,2022-05-07
376,Beatriz Gómez Vázquez,beatriz.gomez.vazquez376@aurora-mail.test,aurora-mail.test,Particular,2022-12-03
377,Beatriz Alonso Martín,beatriz.alonso.martin377@aurora-mail.test,aurora-mail.test,Particular,2025-04-09
378,Beatriz Alonso Rodríguez,beatriz.alonso.rodriguez378@correo.test,correo.test,Particular,2022-09-28
379,Clara Vázquez Rodríguez,clara.vazquez.rodriguez379@correo.test,correo.test,Empresa,2025-10-09
380,Marta Álvarez Díaz,marta.alvarez.diaz380@aurora-corp.test,aurora-corp.test,Particular,2023-03-23
381,Carlos Romero Muñoz,carlos.romero.muñoz381@aurora-corp.test,aurora-corp.test,Administración,2025-01-13
382,Lucía Gutiérrez Rodríguez,lucia.gutierrez.rodriguez382@mailbox.test,mailbox.test,Particular,2024-04-17
383,Sofía Romero Muñoz,sofia.romero.muñoz383@correo.test,correo.test,Flota,2024-07-07
384,Nuria Álvarez López,nuria.alvarez.lopez384@aurora-mail.test,aurora-mail.test,Flota,2025-08-31
385,Andrés Pérez Torres,andres.perez.torres385@correo.test,correo.test,Particular,2024-12-19
386,Diego García García,diego.garcia.garcia386@mailbox.test,mailbox.test,Empresa,2024-08-06
387,Ismael Romero Torres,ismael.romero.torres387@correo.test,correo.test,Particular,2023-04-16
388,Javier Sánchez Díaz,javier.sanchez.diaz388@aurora-mail.test,aurora-mail.test,Particular,2022-08-20
389,Adrián Ramos García,adrian.ramos.garcia389@aurora-mail.test,aurora-mail.test,Particular,2023-02-27
390,Jorge Rodríguez Alonso,jorge.rodriguez.alonso390@aurora-corp.test,aurora-corp.test,Empresa,2023-05-17
391,Nuria Alonso Ruiz,nuria.alonso.ruiz391@aurora-mail.test,aurora-mail.test,Particular,2022-04-26
392,Iván Ruiz Vázquez,ivan.ruiz.vazquez392@mailbox.test,mailbox.test,Particular,2025-03-28
393,Paula Ruiz Hernández,paula.ruiz.hernandez393@aurora-mail.test,aurora-mail.test,Particular,2025-09-14
394,Adrián Hernández Díaz,adrian.hernandez.diaz394@aurora-corp.test,aurora-corp.test,Flota,2025-02-14
395,Pablo Romero Torres,pablo.romero.torres395@correo.test,correo.test,Administración,2022-04-07
396,Nuria Navarro Moreno,nuria.navarro.moreno396@correo.test,correo.test,Particular,2024-04-16
397,Nuria Pérez Torres,nuria.perez.torres397@correo.test,correo.test,Empresa,2023-05-09
398,Iván Sánchez Alonso,ivan.sanchez.alonso398@aurora-corp.test,aurora-corp.test,Particular,2025-02-25
399,Adrián Torres Navarro,adrian.torres.navarro399@aurora-mail.test,aurora-mail.test,Particular,2024-03-06
400,Elena Moreno López,elena.moreno.lopez400@correo.test,correo.test,Particular,2024-01-30
401,Elena Rodríguez Díaz,elena.rodriguez.diaz401@correo.test,correo.test,Empresa,2025-10-11
402,Carlos López Gómez,carlos.lopez.gomez402@aurora-mail.test,aurora-mail.test,Particular,2024-09-08
403,Paula Hernández García,paula.hernandez.garcia403@aurora-mail.test,aurora-mail.test,Administración,2023-01-25
404,Andrés Gutiérrez Ruiz,andres.gutierrez.ruiz404@aurora-mail.test,aurora-mail.test,Flota,2024-03-23
405,Ismael Moreno Hernández,ismael.moreno.hernandez405@correo.test,correo.test,Particular,2024-08-12
406,Javier Hernández Díaz,javier.hernandez.diaz406@mailbox.test,mailbox.test,Flota,2024-11-16
407,Clara Martín Gutiérrez,clara.martin.gutierrez407@mailbox.test,mailbox.test,Particular,2023-02-21
408,Adrián Rodríguez Vázquez,adrian.rodriguez.vazquez408@aurora-mail.test,aurora-mail.test,Particular,2022-10-26
409,Ismael Vázquez Vázquez,ismael.vazquez.vazquez409@correo.test,correo.test,Particular,2023-08-28
410,Paula Ruiz Álvarez,paula.ruiz.alvarez410@aurora-mail.test,aurora-mail.test,Particular,2024-10-19
411,Paula Díaz Gutiérrez,paula.diaz.gutierrez411@correo.test,correo.test,Particular,2024-08-01
412,Javier Pérez Sánchez,javier.perez.sanchez412@correo.test,correo.test,Flota,2023-01-12
413,Ismael Rodríguez Navarro,ismael.rodriguez.navarro413@aurora-corp.test,aurora-corp.test,Flota,2022-06-02
414,Carlos García Romero,carlos.garcia.romero414@aurora-mail.test,aurora-mail.test,Particular,2025-07-15
415,Sofía García Gómez,sofia.garcia.gomez415@correo.test,correo.test,Particular,2024-02-04
416,Jorge Gutiérrez Gutiérrez,jorge.gutierrez.gutierrez416@aurora-corp.test,aurora-corp.test,Particular,2022-01-14
417,Adrián García García,adrian.garcia.garcia417@mailbox.test,mailbox.test,Administración,2025-01-02
418,Marta Navarro Romero,marta.navarro.romero418@aurora-mail.test,aurora-mail.test,Flota,2022-08-08
419,Beatriz Sánchez Ruiz,beatriz.sanchez.ruiz419@aurora-mail.test,aurora-mail.test,Particular,2025-06-23
420,Javier Díaz Álvarez,javier.diaz.alvarez420@aurora-corp.test,aurora-corp.test,Administración,2024-02-04
421,Clara Vázquez Ruiz,clara.vazquez.ruiz421@aurora-mail.test,aurora-mail.test,Empresa,2023-09-07
422,Lucía Rodríguez López,lucia.rodriguez.lopez422@correo.test,correo.test,Particular,2024-02-16
423,Raúl Rodríguez García,raul.rodriguez.garcia423@aurora-mail.test,aurora-mail.test,Particular,2022-06-19
424,Adrián Moreno Vázquez,adrian.moreno.vazquez424@aurora-corp.test,aurora-corp.test,Flota,2024-12-17
425,Diego Gómez Vázquez,diego.gomez.vazquez425@correo.test,correo.test,Particular,2023-07-10
426,Lucía Díaz Torres,lucia.diaz.torres426@aurora-corp.test,aurora-corp.test,Flota,2023-01-03
427,Paula García Gómez,paula.garcia.gomez427@aurora-mail.test,aurora-mail.test,Flota,2024-03-26
428,Iván Pérez Vázquez,ivan.perez.vazquez428@aurora-mail.test,aurora-mail.test,Empresa,2025-03-06
429,Nuria Torres Moreno,nuria.torres.moreno429@correo.test,correo.test,Empresa,2022-10-14
430,Lucía Navarro Muñoz,lucia.navarro.muñoz430@aurora-corp.test,aurora-corp.test,Particular,2022-07-20
431,Lucía Moreno Ramos,lucia.moreno.ramos431@correo.test,correo.test,Particular,2023-10-31
432,Marina Alonso Gutiérrez,marina.alonso.gutierrez432@aurora-mail.test,aurora-mail.test,Particular,2023-12-30
433,Nuria Romero Pérez,nuria.romero.perez433@correo.test,correo.test,Empresa,2022-06-25
434,Iván Ruiz López,ivan.ruiz.lopez434@aurora-corp.test,aurora-corp.test,Particular,2023-07-03
435,Sofía Álvarez Moreno,sofia.alvarez.moreno435@mailbox.test,mailbox.test,Particular,2022-08-07
436,Iván Alonso Muñoz,ivan.alonso.muñoz436@mailbox.test,mailbox.test,Particular,2022-07-29
437,Pablo Romero Alonso,pablo.romero.alonso437@correo.test,correo.test,Particular,2022-07-31
438,Javier Torres López,javier.torres.lopez438@mailbox.test,mailbox.test,Particular,2024-02-28
439,Adrián Álvarez López,adrian.alvarez.lopez439@aurora-mail.test,aurora-mail.test,Particular,2025-03-17
440,Nuria Pérez Sánchez,nuria.perez.sanchez440@mailbox.test,mailbox.test,Particular,2023-09-09
441,Sofía López Pérez,sofia.lopez.perez441@correo.test,correo.test,Particular,2023-07-20
442,Raúl López Muñoz,raul.lopez.muñoz442@mailbox.test,mailbox.test,Empresa,2023-05-21
443,Raúl Ramos Ramos,raul.ramos.ramos443@aurora-mail.test,aurora-mail.test,Particular,2024-07-26
444,Iván García Álvarez,ivan.garcia.alvarez444@mailbox.test,mailbox.test,Particular,2025-06-24
445,Paula Alonso Moreno,paula.alonso.moreno445@correo.test,correo.test,Administración,2025-08-26
446,Sofía Hernández Moreno,sofia.hernandez.moreno446@aurora-mail.test,aurora-mail.test,Particular,2024-09-08
447,Nuria Moreno Hernández,nuria.moreno.hernandez447@correo.test,correo.test,Empresa,2025-03-25
448,Paula Álvarez Díaz,paula.alvarez.diaz448@correo.test,correo.test,Particular,2024-01-18
449,Patricia Gómez Vázquez,patricia.gomez.vazquez449@aurora-mail.test,aurora-mail.test,Empresa,2025-10-28
450,Marta Alonso Gómez,marta.alonso.gomez450@correo.test,correo.test,Empresa,2023-08-20
451,Lucía Romero Gutiérrez,lucia.romero.gutierrez451@aurora-mail.test,aurora-mail.test,Particular,2025-07-21
452,Marina Sánchez Romero,marina.sanchez.romero452@correo.test,correo.test,Particular,2022-06-01
453,Jorge Gutiérrez Vázquez,jorge.gutierrez.vazquez453@correo.test,correo.test,Particular,2024-12-30
454,Adrián Torres Rodríguez,adrian.torres.rodriguez454@mailbox.test,mailbox.test,Particular,2025-01-04
455,Lucía Martín Ruiz,lucia.martin.ruiz455@mailbox.test,mailbox.test,Empresa,2022-12-07
456,Carlos Vázquez Álvarez,carlos.vazquez.alvarez456@mailbox.test,mailbox.test,Particular,2024-05-31
457,Andrés Díaz Ruiz,andres.diaz.ruiz457@aurora-mail.test,aurora-mail.test,Particular,2024-07-01
458,Clara Vázquez Navarro,clara.vazquez.navarro458@aurora-mail.test,aurora-mail.test,Administración,2023-12-08
459,Raúl Martín Hernández,raul.martin.hernandez459@correo.test,correo.test,Particular,2022-06-25
460,Sofía Muñoz Hernández,sofia.muñoz.hernandez460@mailbox.test,mailbox.test,Empresa,2024-07-21
461,Beatriz Gutiérrez Muñoz,beatriz.gutierrez.muñoz461@correo.test,correo.test,Particular,2022-07-19
462,Clara Moreno López,clara.moreno.lopez462@mailbox.test,mailbox.test,Empresa,2022-04-02
463,Andrés García Moreno,andres.garcia.moreno463@aurora-corp.test,aurora-corp.test,Empresa,2025-10-18
464,Diego Navarro Pérez,diego.navarro.perez464@aurora-mail.test,aurora-mail.test,Particular,2023-11-09
465,Clara Ruiz Álvarez,clara.ruiz.alvarez465@aurora-mail.test,aurora-mail.test,Empresa,2023-01-17
466,Adrián Álvarez García,adrian.alvarez.garcia466@aurora-mail.test,aurora-mail.test,Particular,2024-07-09
467,Nuria García Gómez,nuria.garcia.gomez467@aurora-mail.test,aurora-mail.test,Empresa,2023-07-25
468,Lucía Vázquez Martín,lucia.vazquez.martin468@aurora-mail.test,aurora-mail.test,Particular,2024-01-20
469,Clara Martín Díaz,clara.martin.diaz469@correo.test,correo.test,Administración,2024-12-16
470,Paula Ramos Álvarez,paula.ramos.alvarez470@correo.test,correo.test,Particular,2025-04-17
471,Javier Alonso Ramos,javier.alonso.ramos471@aurora-mail.test,aurora-mail.test,Empresa,2025-10-11
472,Iván Ramos Vázquez,ivan.ramos.vazquez472@aurora-corp.test,aurora-corp.test,Particular,2025-10-08
473,Andrés Ruiz Hernández,andres.ruiz.hernandez473@aurora-corp.test,aurora-corp.test,Particular,2023-01-10
474,Sofía Navarro Álvarez,sofia.navarro.alvarez474@correo.test,correo.test,Particular,2025-05-06
475,Nuria Romero Pérez,nuria.romero.perez475@correo.test,correo.test,Particular,2025-07-25
476,Pablo Torres Pérez,pablo.torres.perez476@correo.test,correo.test,Particular,2023-08-15
477,Paula Alonso Ramos,paula.alonso.ramos477@aurora-corp.test,aurora-corp.test,Administración,2024-01-06
478,Raúl Sánchez Gómez,raul.sanchez.gomez478@correo.test,correo.test,Particular,2025-02-24
479,Raúl Romero Gutiérrez,raul.romero.gutierrez479@correo.test,correo.test,Particular,2024-06-28
480,Lucía Vázquez García,lucia.vazquez.garcia480@aurora-mail.test,aurora-mail.test,Particular,2023-08-22
481,Diego Torres Hernández,diego.torres.hernandez481@aurora-mail.test,aurora-mail.test,Particular,2024-07-25
482,Raúl Torres Navarro,raul.torres.navarro482@aurora-corp.test,aurora-corp.test,Particular,2025-03-18
483,Ismael Muñoz Torres,ismael.muñoz.torres483@aurora-corp.test,aurora-corp.test,Particular,2024-06-22
484,Adrián Martín Ruiz,adrian.martin.ruiz484@mailbox.test,mailbox.test,Particular,2022-03-08
485,Javier López Alonso,javier.lopez.alonso485@aurora-corp.test,aurora-corp.test,Particular,2023-05-01
486,Patricia Muñoz Ramos,patricia.muñoz.ramos486@correo.test,correo.test,Empresa,2022-12-06
487,Elena Gómez Rodríguez,elena.gomez.rodriguez487@mailbox.test,mailbox.test,Particular,2024-12-26
488,Ismael Pérez Moreno,ismael.perez.moreno488@mailbox.test,mailbox.test,Particular,2023-08-16
489,Beatriz Martín Sánchez,beatriz.martin.sanchez489@correo.test,correo.test,Administración,2022-05-02
490,Sofía Sánchez Ruiz,sofia.sanchez.ruiz490@aurora-mail.test,aurora-mail.test,Empresa,2023-10-22
491,Nuria Gutiérrez Sánchez,nuria.gutierrez.sanchez491@mailbox.test,mailbox.test,Particular,2025-07-09
492,Clara López López,clara.lopez.lopez492@correo.test,correo.test,Empresa,2024-11-21
493,Javier Alonso Gutiérrez,javier.alonso.gutierrez493@mailbox.test,mailbox.test,Particular,2025-04-06
494,Lucía Alonso Muñoz,lucia.alonso.muñoz494@aurora-corp.test,aurora-corp.test,Particular,2024-12-30
495,Adrián Gómez Gutiérrez,adrian.gomez.gutierrez495@mailbox.test,mailbox.test,Empresa,2023-10-24
496,Paula Torres Vázquez,paula.torres.vazquez496@aurora-mail.test,aurora-mail.test,Flota,2025-03-05
497,Paula Rodríguez Rodríguez,paula.rodriguez.rodriguez497@aurora-corp.test,aurora-corp.test,Empresa,2025-07-06
498,Clara García Martín,clara.garcia.martin498@aurora-mail.test,aurora-mail.test,Particular,2024-06-22
499,Adrián Gómez Sánchez,adrian.gomez.sanchez499@mailbox.test,mailbox.test,Flota,2022-11-22
500,Marina López Muñoz,marina.lopez.muñoz500@mailbox.test,mailbox.test,Particular,2022-06-18
501,Pablo Rodríguez Álvarez,pablo.rodriguez.alvarez501@mailbox.test,mailbox.test,Particular,2023-04-25
502,Lucía Martín García,lucia.martin.garcia502@aurora-mail.test,aurora-mail.test,Particular,2024-09-03
503,Patricia Ruiz Navarro,patricia.ruiz.navarro503@correo.test,correo.test,Particular,2022-01-20
504,Paula Martín Romero,paula.martin.romero504@aurora-mail.test,aurora-mail.test,Particular,2024-09-05
505,Nuria López Martín,nuria.lopez.martin505@aurora-corp.test,aurora-corp.test,Particular,2023-10-04
506,Iván Sánchez Álvarez,ivan.sanchez.alvarez506@aurora-mail.test,aurora-mail.test,Administración,2025-08-06
507,Sofía López Navarro,sofia.lopez.navarro507@aurora-corp.test,aurora-corp.test,Empresa,2025-06-03
508,Clara Muñoz Gómez,clara.muñoz.gomez508@aurora-mail.test,aurora-mail.test,Empresa,2024-04-23
509,Clara Gómez López,clara.gomez.lopez509@aurora-corp.test,aurora-corp.test,Empresa,2022-10-14
510,Patricia Álvarez Muñoz,patricia.alvarez.muñoz510@correo.test,correo.test,Empresa,2023-10-07
511,Diego Díaz López,diego.diaz.lopez511@aurora-mail.test,aurora-mail.test,Empresa,2025-02-07
512,Jorge Hernández García,jorge.hernandez.garcia512@mailbox.test,mailbox.test,Particular,2023-02-25
513,Beatriz Gómez Álvarez,beatriz.gomez.alvarez513@mailbox.test,mailbox.test,Particular,2025-08-16
514,Diego Gutiérrez Álvarez,diego.gutierrez.alvarez514@aurora-corp.test,aurora-corp.test,Particular,2023-05-09
515,Jorge López Navarro,jorge.lopez.navarro515@aurora-corp.test,aurora-corp.test,Flota,2024-01-10
516,Sofía Álvarez Vázquez,sofia.alvarez.vazquez516@correo.test,correo.test,Particular,2024-01-19
517,Pablo Gutiérrez López,pablo.gutierrez.lopez517@aurora-corp.test,aurora-corp.test,Particular,2025-04-17
518,Marina Gómez Rodríguez,marina.gomez.rodriguez518@aurora-corp.test,aurora-corp.test,Particular,2024-03-26
519,Beatriz Romero Romero,beatriz.romero.romero519@correo.test,correo.test,Empresa,2022-06-18
520,Ismael Ramos Sánchez,ismael.ramos.sanchez520@mailbox.test,mailbox.test,Particular,2022-06-21
521,Beatriz Gómez Sánchez,beatriz.gomez.sanchez521@mailbox.test,mailbox.test,Particular,2024-03-11
522,Lucía Hernández Romero,lucia.hernandez.romero522@aurora-mail.test,aurora-mail.test,Particular,2022-04-29
523,Adrián Martín Alonso,adrian.martin.alonso523@aurora-corp.test,aurora-corp.test,Empresa,2023-09-26
524,Pablo Martín García,pablo.martin.garcia524@aurora-mail.test,aurora-mail.test,Particular,2022-01-24
525,Javier Navarro Navarro,javier.navarro.navarro525@mailbox.test,mailbox.test,Particular,2022-12-08
526,Marina Martín García,marina.martin.garcia526@mailbox.test,mailbox.test,Particular,2024-05-29
527,Lucía Díaz Vázquez,lucia.diaz.vazquez527@aurora-corp.test,aurora-corp.test,Particular,2024-10-13
528,Javier Rodríguez Gutiérrez,javier.rodriguez.gutierrez528@aurora-mail.test,aurora-mail.test,Particular,2024-01-24
529,Andrés Vázquez Martín,andres.vazquez.martin529@aurora-mail.test,aurora-mail.test,Particular,2024-11-08
530,Marta Ruiz Rodríguez,marta.ruiz.rodriguez530@correo.test,correo.test,Particular,2024-01-16
531,Sofía Pérez Rodríguez,sofia.perez.rodriguez531@correo.test,correo.test,Particular,2023-04-05
532,Adrián Moreno Díaz,adrian.moreno.diaz532@aurora-corp.test,aurora-corp.test,Particular,2025-03-16
533,Beatriz Rodríguez Pérez,beatriz.rodriguez.perez533@aurora-mail.test,aurora-mail.test,Administración,2024-11-22
534,Nuria López Alonso,nuria.lopez.alonso534@mailbox.test,mailbox.test,Particular,2023-09-29
535,Ismael Alonso García,ismael.alonso.garcia535@mailbox.test,mailbox.test,Particular,2023-02-15
536,Iván Ramos Ruiz,ivan.ramos.ruiz536@correo.test,correo.test,Particular,2024-01-25
537,Raúl Gómez Torres,raul.gomez.torres537@aurora-mail.test,aurora-mail.test,Particular,2022-11-05
538,Adrián García Ruiz,adrian.garcia.ruiz538@mailbox.test,mailbox.test,Empresa,2025-07-26
539,Marta Moreno García,marta.moreno.garcia539@correo.test,correo.test,Particular,2023-09-22
540,Beatriz Ruiz Romero,beatriz.ruiz.romero540@correo.test,correo.test,Administración,2022-05-03
541,Sofía Díaz López,sofia.diaz.lopez541@aurora-corp.test,aurora-corp.test,Flota,2023-04-20
542,Beatriz Romero Muñoz,beatriz.romero.muñoz542@correo.test,correo.test,Particular,2022-06-23
543,Beatriz Sánchez Álvarez,beatriz.sanchez.alvarez543@aurora-corp.test,aurora-corp.test,Particular,2025-04-27
544,Adrián Sánchez Ruiz,adrian.sanchez.ruiz544@mailbox.test,mailbox.test,Flota,2023-06-19
545,Nuria Moreno Moreno,nuria.moreno.moreno545@correo.test,correo.test,Particular,2023-07-11
546,Elena Sánchez Vázquez,elena.sanchez.vazquez546@aurora-corp.test,aurora-corp.test,Particular,2022-11-15
547,Clara Alonso Moreno,clara.alonso.moreno547@correo.test,correo.test,Particular,2022-09-05
548,Elena Alonso Hernández,elena.alonso.hernandez548@correo.test,correo.test,Flota,2023-06-27
549,Lucía Pérez Hernández,lucia.perez.hernandez549@aurora-corp.test,aurora-corp.test,Empresa,2023-03-17
550,Paula Sánchez López,paula.sanchez.lopez550@aurora-mail.test,aurora-mail.test,Particular,2023-12-30
551,Carlos Hernández Díaz,carlos.hernandez.diaz551@aurora-mail.test,aurora-mail.test,Administración,2022-03-05
552,Clara Torres Torres,clara.torres.torres552@aurora-mail.test,aurora-mail.test,Particular,2022-07-13
553,Sofía Martín García,sofia.martin.garcia553@aurora-corp.test,aurora-corp.test,Particular,2023-04-01
554,Nuria Muñoz López,nuria.muñoz.lopez554@mailbox.test,mailbox.test,Particular,2022-06-03
555,Lucía Gómez Alonso,lucia.gomez.alonso555@aurora-mail.test,aurora-mail.test,Flota,2022-07-08
556,Paula Martín Rodríguez,paula.martin.rodriguez556@correo.test,correo.test,Particular,2022-04-14
557,Patricia Romero Álvarez,patricia.romero.alvarez557@correo.test,correo.test,Particular,2022-03-02
558,Adrián Pérez Muñoz,adrian.perez.muñoz558@aurora-mail.test,aurora-mail.test,Particular,2023-01-19
559,Clara Sánchez Rodríguez,clara.sanchez.rodriguez559@aurora-mail.test,aurora-mail.test,Particular,2025-08-18
560,Adrián Torres Gutiérrez,adrian.torres.gutierrez560@aurora-corp.test,aurora-corp.test,Particular,2022-06-29
561,Sofía Romero Gómez,sofia.romero.gomez561@aurora-mail.test,aurora-mail.test,Administración,2025-07-15
562,Ismael García Álvarez,ismael.garcia.alvarez562@mailbox.test,mailbox.test,Particular,2024-09-09
563,Raúl Muñoz Vázquez,raul.muñoz.vazquez563@mailbox.test,mailbox.test,Particular,2024-03-06
564,Marta Moreno Ramos,marta.moreno.ramos564@aurora-mail.test,aurora-mail.test,Flota,2022-03-02
565,Marina Rodríguez Gutiérrez,marina.rodriguez.gutierrez565@mailbox.test,mailbox.test,Administración,2025-04-11
566,Pablo Martín Ruiz,pablo.martin.ruiz566@aurora-mail.test,aurora-mail.test,Particular,2023-06-30
567,Carlos Ruiz Vázquez,carlos.ruiz.vazquez567@correo.test,correo.test,Flota,2023-12-28
568,Pablo Pérez Ruiz,pablo.perez.ruiz568@mailbox.test,mailbox.test,Flota,2024-01-05
569,Marta Muñoz Vázquez,marta.muñoz.vazquez569@aurora-mail.test,aurora-mail.test,Flota,2025-02-27
570,Raúl Torres Hernández,raul.torres.hernandez570@aurora-mail.test,aurora-mail.test,Particular,2024-10-01
571,Carlos Ruiz Ramos,carlos.ruiz.ramos571@aurora-mail.test,aurora-mail.test,Particular,2022-02-10
572,Marta Moreno Ramos,marta.moreno.ramos572@aurora-mail.test,aurora-mail.test,Particular,2022-09-25
573,Pablo Moreno Rodríguez,pablo.moreno.rodriguez573@aurora-corp.test,aurora-corp.test,Particular,2022-10-30
574,Sofía Martín Navarro,sofia.martin.navarro574@mailbox.test,mailbox.test,Particular,2022-05-29
575,Nuria Vázquez Martín,nuria.vazquez.martin575@mailbox.test,mailbox.test,Particular,2023-09-11
576,Pablo Romero Gutiérrez,pablo.romero.gutierrez576@mailbox.test,mailbox.test,Empresa,2022-12-23
577,Ismael Ramos Muñoz,ismael.ramos.muñoz577@aurora-mail.test,aurora-mail.test,Particular,2025-09-25
578,Pablo Álvarez Hernández,pablo.alvarez.hernandez578@mailbox.test,mailbox.test,Particular,2022-09-18
579,Marta Vázquez Álvarez,marta.vazquez.alvarez579@aurora-corp.test,aurora-corp.test,Empresa,2023-01-08
580,Jorge Ruiz Vázquez,jorge.ruiz.vazquez580@aurora-corp.test,aurora-corp.test,Particular,2024-10-13
581,Lucía Ruiz Muñoz,lucia.ruiz.muñoz581@mailbox.test,mailbox.test,Empresa,2022-12-10
582,Lucía Moreno Alonso,lucia.moreno.alonso582@aurora-corp.test,aurora-corp.test,Particular,2023-06-28
583,Lucía Muñoz Díaz,lucia.muñoz.diaz583@aurora-corp.test,aurora-corp.test,Particular,2022-01-03
584,Clara Romero Pérez,clara.romero.perez584@correo.test,correo.test,Flota,2024-10-06
585,Javier Torres Álvarez,javier.torres.alvarez585@aurora-corp.test,aurora-corp.test,Empresa,2024-09-08
586,Patricia Ruiz Pérez,patricia.ruiz.perez586@correo.test,correo.test,Empresa,2022-05-31
587,Carlos Hernández García,carlos.hernandez.garcia587@mailbox.test,mailbox.test,Administración,2023-06-19
588,Lucía Moreno Pérez,lucia.moreno.perez588@correo.test,correo.test,Empresa,2022-11-26
589,Ismael López Moreno,ismael.lopez.moreno589@correo.test,correo.test,Particular,2022-03-05
590,Pablo Ramos Romero,pablo.ramos.romero590@aurora-mail.test,aurora-mail.test,Particular,2022-04-20
591,Elena Gómez Romero,elena.gomez.romero591@mailbox.test,mailbox.test,Particular,2025-09-14
592,Diego Martín Rodríguez,diego.martin.rodriguez592@correo.test,correo.test,Particular,2025-03-16
593,Raúl Sánchez Rodríguez,raul.sanchez.rodriguez593@mailbox.test,mailbox.test,Particular,2022-01-08
594,Iván Ramos Gutiérrez,ivan.ramos.gutierrez594@aurora-mail.test,aurora-mail.test,Particular,2022-07-18
595,Pablo Hernández López,pablo.hernandez.lopez595@correo.test,correo.test,Particular,2022-08-25
596,Nuria Gutiérrez Gutiérrez,nuria.gutierrez.gutierrez596@mailbox.test,mailbox.test,Empresa,2022-07-06
597,Nuria Pérez Muñoz,nuria.perez.muñoz597@correo.test,correo.test,Particular,2024-01-27
598,Carlos Díaz Alonso,carlos.diaz.alonso598@correo.test,correo.test,Particular,2023-06-24
599,Marina Vázquez Rodríguez,marina.vazquez.rodriguez599@aurora-mail.test,aurora-mail.test,Particular,2025-09-28
600,Javier Torres Romero,javier.torres.romero600@aurora-mail.test,aurora-mail.test,Particular,2025-02-07
601,Nuria Navarro Romero,nuria.navarro.romero601@correo.test,correo.test,Flota,2025-03-18
602,Raúl Hernández López,raul.hernandez.lopez602@correo.test,correo.test,Particular,2022-03-13
603,Beatriz Vázquez Ramos,beatriz.vazquez.ramos603@aurora-mail.test,aurora-mail.test,Flota,2022-09-04
604,Clara Pérez Pérez,clara.perez.perez604@aurora-mail.test,aurora-mail.test,Particular,2023-01-30
605,Adrián López Romero,adrian.lopez.romero605@aurora-mail.test,aurora-mail.test,Particular,2025-07-08
606,Jorge Díaz Moreno,jorge.diaz.moreno606@aurora-corp.test,aurora-corp.test,Particular,2022-06-28
607,Nuria Torres Moreno,nuria.torres.moreno607@mailbox.test,mailbox.test,Particular,2024-11-30
608,Marta Ramos Vázquez,marta.ramos.vazquez608@correo.test,correo.test,Particular,2022-08-19
609,Sofía Vázquez Vázquez,sofia.vazquez.vazquez609@aurora-corp.test,aurora-corp.test,Particular,2022-08-05
610,Andrés Hernández Torres,andres.hernandez.torres610@mailbox.test,mailbox.test,Particular,2024-04-21
611,Raúl Vázquez Ramos,raul.vazquez.ramos611@correo.test,correo.test,Particular,2022-03-18
612,Nuria Sánchez Ramos,nuria.sanchez.ramos612@correo.test,correo.test,Particular,2022-03-21
613,Paula Ruiz Rodríguez,paula.ruiz.rodriguez613@correo.test,correo.test,Flota,2023-07-05
614,Marta Moreno Hernández,marta.moreno.hernandez614@mailbox.test,mailbox.test,Empresa,2023-07-29
615,Andrés Ruiz Sánchez,andres.ruiz.sanchez615@mailbox.test,mailbox.test,Empresa,2024-06-26
616,Paula Díaz Romero,paula.diaz.romero616@aurora-corp.test,aurora-corp.test,Particular,2023-01-20
617,Adrián Gutiérrez Navarro,adrian.gutierrez.navarro617@mailbox.test,mailbox.test,Particular,2022-04-26
618,Pablo López Hernández,pablo.lopez.hernandez618@correo.test,correo.test,Empresa,2022-10-05
619,Beatriz Vázquez García,beatriz.vazquez.garcia619@aurora-mail.test,aurora-mail.test,Flota,2023-01-30
620,Elena Rodríguez Ruiz,elena.rodriguez.ruiz620@aurora-corp.test,aurora-corp.test,Particular,2024-07-23
621,Javier Gómez Díaz,javier.gomez.diaz621@mailbox.test,mailbox.test,Particular,2024-08-08
622,Andrés García Ruiz,andres.garcia.ruiz622@mailbox.test,mailbox.test,Particular,2024-09-28
623,Pablo Gutiérrez Vázquez,pablo.gutierrez.vazquez623@mailbox.test,mailbox.test,Particular,2023-12-07
624,Marina López Hernández,marina.lopez.hernandez624@aurora-corp.test,aurora-corp.test,Particular,2024-03-02
625,Patricia Gómez Ruiz,patricia.gomez.ruiz625@aurora-mail.test,aurora-mail.test,Particular,2025-10-19
626,Adrián Navarro García,adrian.navarro.garcia626@aurora-corp.test,aurora-corp.test,Flota,2024-08-28
627,Pablo Ramos García,pablo.ramos.garcia627@aurora-mail.test,aurora-mail.test,Empresa,2023-06-01
628,Iván Díaz Romero,ivan.diaz.romero628@correo.test,correo.test,Particular,2023-12-16
629,Elena Alonso Hernández,elena.alonso.hernandez629@correo.test,correo.test,Particular,2025-04-12
630,Beatriz Muñoz Torres,beatriz.muñoz.torres630@mailbox.test,mailbox.test,Empresa,2023-09-04
631,Raúl López Moreno,raul.lopez.moreno631@mailbox.test,mailbox.test,Particular,2025-08-04
632,Marina Díaz Hernández,marina.diaz.hernandez632@aurora-mail.test,aurora-mail.test,Particular,2022-11-04
633,Diego Rodríguez Ramos,diego.rodriguez.ramos633@correo.test,correo.test,Particular,2025-09-14
634,Sofía García Gutiérrez,sofia.garcia.gutierrez634@mailbox.test,mailbox.test,Flota,2023-06-16
635,Nuria Álvarez Rodríguez,nuria.alvarez.rodriguez635@aurora-mail.test,aurora-mail.test,Empresa,2023-12-04
636,Diego Torres Gutiérrez,diego.torres.gutierrez636@mailbox.test,mailbox.test,Particular,2024-11-04
637,Pablo Torres Pérez,pablo.torres.perez637@mailbox.test,mailbox.test,Particular,2022-07-19
638,Marina Torres Pérez,marina.torres.perez638@mailbox.test,mailbox.test,Particular,2025-09-02
639,Javier Ruiz Hernández,javier.ruiz.hernandez639@correo.test,correo.test,Particular,2023-11-10
640,Patricia Hernández Alonso,patricia.hernandez.alonso640@aurora-corp.test,aurora-corp.test,Particular,2024-08-21
641,Patricia Vázquez Ramos,patricia.vazquez.ramos641@aurora-corp.test,aurora-corp.test,Flota,2024-08-25
642,Beatriz Martín Álvarez,beatriz.martin.alvarez642@mailbox.test,mailbox.test,Particular,2024-04-26
643,Sofía Sánchez Gómez,sofia.sanchez.gomez643@mailbox.test,mailbox.test,Administración,2024-04-18
644,Clara Sánchez Moreno,clara.sanchez.moreno644@aurora-mail.test,aurora-mail.test,Particular,2022-06-15
645,Pablo Moreno Rodríguez,pablo.moreno.rodriguez645@aurora-corp.test,aurora-corp.test,Particular,2024-07-14
646,Pablo Vázquez Pérez,pablo.vazquez.perez646@correo.test,correo.test,Particular,2022-06-30
647,Adrián Romero Álvarez,adrian.romero.alvarez647@correo.test,correo.test,Particular,2024-09-04
648,Carlos Torres Gómez,carlos.torres.gomez648@mailbox.test,mailbox.test,Flota,2022-01-29
649,Beatriz Gómez García,beatriz.gomez.garcia649@aurora-corp.test,aurora-corp.test,Empresa,2025-07-07
650,Diego Muñoz Hernández,diego.muñoz.hernandez650@aurora-mail.test,aurora-mail.test,Particular,2022-07-30
651,Patricia Hernández Pérez,patricia.hernandez.perez651@aurora-corp.test,aurora-corp.test,Particular,2022-04-04
652,Iván Alonso Navarro,ivan.alonso.navarro652@mailbox.test,mailbox.test,Flota,2024-06-07
653,Sofía Moreno Gutiérrez,sofia.moreno.gutierrez653@mailbox.test,mailbox.test,Particular,2023-01-21
654,Nuria García Ruiz,nuria.garcia.ruiz654@aurora-mail.test,aurora-mail.test,Particular,2022-09-26
655,Marta Vázquez Navarro,marta.vazquez.navarro655@aurora-mail.test,aurora-mail.test,Particular,2022-09-10
656,Carlos Álvarez Díaz,carlos.alvarez.diaz656@aurora-corp.test,aurora-corp.test,Administración,2025-05-01
657,Andrés García Rodríguez,andres.garcia.rodriguez657@aurora-corp.test,aurora-corp.test,Particular,2024-05-03
658,Andrés Torres Díaz,andres.torres.diaz658@correo.test,correo.test,Particular,2022-11-10
659,Marta Hernández Romero,marta.hernandez.romero659@aurora-corp.test,aurora-corp.test,Particular,2025-09-18
660,Jorge Ramos Sánchez,jorge.ramos.sanchez660@correo.test,correo.test,Particular,2022-08-03
661,Jorge Martín Hernández,jorge.martin.hernandez661@aurora-corp.test,aurora-corp.test,Particular,2022-08-06
662,Jorge Gómez Díaz,jorge.gomez.diaz662@aurora-mail.test,aurora-mail.test,Empresa,2024-01-04
663,Iván Pérez Rodríguez,ivan.perez.rodriguez663@correo.test,correo.test,Empresa,2023-03-02
664,Raúl Moreno Ruiz,raul.moreno.ruiz664@aurora-corp.test,aurora-corp.test,Empresa,2022-01-27
665,Andrés Vázquez Gutiérrez,andres.vazquez.gutierrez665@aurora-mail.test,aurora-mail.test,Empresa,2022-07-04
666,Lucía Martín Díaz,lucia.martin.diaz666@aurora-mail.test,aurora-mail.test,Administración,2024-07-24
667,Iván Díaz Alonso,ivan.diaz.alonso667@aurora-corp.test,aurora-corp.test,Empresa,2022-07-24
668,Carlos Hernández Muñoz,carlos.hernandez.muñoz668@mailbox.test,mailbox.test,Empresa,2024-05-22
669,Andrés Rodríguez García,andres.rodriguez.garcia669@aurora-mail.test,aurora-mail.test,Empresa,2025-09-20
670,Paula Muñoz Alonso,paula.muñoz.alonso670@mailbox.test,mailbox.test,Particular,2022-07-10
671,Paula Pérez Martín,paula.perez.martin671@correo.test,correo.test,Administración,2024-03-30
672,Marina Álvarez Gutiérrez,marina.alvarez.gutierrez672@correo.test,correo.test,Flota,2025-08-21
673,Pablo Martín Sánchez,pablo.martin.sanchez673@aurora-corp.test,aurora-corp.test,Particular,2022-11-23
674,Patricia Gutiérrez Vázquez,patricia.gutierrez.vazquez674@correo.test,correo.test,Empresa,2023-01-07
675,Javier Ramos García,javier.ramos.garcia675@aurora-mail.test,aurora-mail.test,Flota,2024-09-16
676,Andrés Romero Alonso,andres.romero.alonso676@aurora-corp.test,aurora-corp.test,Particular,2022-05-10
677,Paula García Navarro,paula.garcia.navarro677@aurora-mail.test,aurora-mail.test,Flota,2025-10-03
678,Beatriz Navarro Ramos,beatriz.navarro.ramos678@aurora-corp.test,aurora-corp.test,Empresa,2024-06-05
679,Diego Gutiérrez Muñoz,diego.gutierrez.muñoz679@correo.test,correo.test,Empresa,2022-11-01
680,Ismael Ramos Rodríguez,ismael.ramos.rodriguez680@aurora-corp.test,aurora-corp.test,Flota,2025-08-10
681,Beatriz Gutiérrez Gutiérrez,beatriz.gutierrez.gutierrez681@aurora-mail.test,aurora-mail.test,Empresa,2022-06-03
682,Paula Ruiz Moreno,paula.ruiz.moreno682@mailbox.test,mailbox.test,Particular,2022-04-14
683,Ismael Álvarez Álvarez,ismael.alvarez.alvarez683@aurora-mail.test,aurora-mail.test,Particular,2022-06-11
684,Patricia Alonso López,patricia.alonso.lopez684@correo.test,correo.test,Particular,2024-07-04
685,Raúl García Martín,raul.garcia.martin685@correo.test,correo.test,Particular,2024-04-24
686,Ismael García López,ismael.garcia.lopez686@mailbox.test,mailbox.test,Particular,2024-11-07
687,Clara Moreno Muñoz,clara.moreno.muñoz687@aurora-corp.test,aurora-corp.test,Empresa,2023-04-02
688,Paula Torres Ramos,paula.torres.ramos688@correo.test,correo.test,Particular,2025-09-07
689,Clara Martín Martín,clara.martin.martin689@aurora-mail.test,aurora-mail.test,Particular,2022-01-05
690,Iván Torres Navarro,ivan.torres.navarro690@mailbox.test,mailbox.test,Particular,2022-08-06
691,Pablo Gutiérrez Sánchez,pablo.gutierrez.sanchez691@correo.test,correo.test,Particular,2022-08-08
692,Elena Gómez Martín,elena.gomez.martin692@correo.test,correo.test,Particular,2023-03-18
693,Elena Moreno Martín,elena.moreno.martin693@correo.test,correo.test,Flota,2022-04-06
694,Patricia Martín Alonso,patricia.martin.alonso694@correo.test,correo.test,Particular,2025-09-10
695,Beatriz Sánchez Gutiérrez,beatriz.sanchez.gutierrez695@aurora-corp.test,aurora-corp.test,Empresa,2024-12-22
696,Ismael Romero Vázquez,ismael.romero.vazquez696@correo.test,correo.test,Empresa,2024-11-07
697,Pablo Vázquez Pérez,pablo.vazquez.perez697@aurora-mail.test,aurora-mail.test,Particular,2022-08-01
698,Jorge Ramos Moreno,jorge.ramos.moreno698@correo.test,correo.test,Administración,2024-05-07
699,Diego Díaz Álvarez,diego.diaz.alvarez699@mailbox.test,mailbox.test,Particular,2023-08-26
700,Sofía Sánchez Romero,sofia.sanchez.romero700@mailbox.test,mailbox.test,Flota,2025-01-26
701,Ismael Gómez Gómez,ismael.gomez.gomez701@aurora-mail.test,aurora-mail.test,Empresa,2025-07-02
702,Javier Sánchez Pérez,javier.sanchez.perez702@mailbox.test,mailbox.test,Empresa,2022-08-25
703,Ismael Gutiérrez Vázquez,ismael.gutierrez.vazquez703@correo.test,correo.test,Empresa,2025-10-12
704,Ismael Hernández Romero,ismael.hernandez.romero704@aurora-corp.test,aurora-corp.test,Particular,2024-12-06
705,Nuria Sánchez Rodríguez,nuria.sanchez.rodriguez705@aurora-corp.test,aurora-corp.test,Particular,2023-02-14
706,Pablo Hernández Díaz,pablo.hernandez.diaz706@aurora-mail.test,aurora-mail.test,Empresa,2022-05-08
707,Iván Gómez Torres,ivan.gomez.torres707@aurora-corp.test,aurora-corp.test,Empresa,2024-01-05
708,Andrés Ramos Torres,andres.ramos.torres708@aurora-mail.test,aurora-mail.test,Particular,2025-08-18
709,Diego Navarro Hernández,diego.navarro.hernandez709@aurora-corp.test,aurora-corp.test,Particular,2024-02-21
710,Paula Torres Rodríguez,paula.torres.rodriguez710@aurora-corp.test,aurora-corp.test,Particular,2023-05-30
711,Clara Ruiz Muñoz,clara.ruiz.muñoz711@aurora-mail.test,aurora-mail.test,Particular,2023-02-01
712,Pablo López Pérez,pablo.lopez.perez712@aurora-mail.test,aurora-mail.test,Particular,2024-11-18
713,Carlos Romero Díaz,carlos.romero.diaz713@mailbox.test,mailbox.test,Particular,2022-09-24
714,Marina García Moreno,marina.garcia.moreno714@correo.test,correo.test,Particular,2022-11-14
715,Paula Ramos Rodríguez,paula.ramos.rodriguez715@mailbox.test,mailbox.test,Empresa,2024-10-01
716,Ismael Muñoz López,ismael.muñoz.lopez716@mailbox.test,mailbox.test,Particular,2024-12-12
717,Pablo Navarro López,pablo.navarro.lopez717@aurora-mail.test,aurora-mail.test,Particular,2024-05-01
718,Nuria López Muñoz,nuria.lopez.muñoz718@aurora-mail.test,aurora-mail.test,Empresa,2023-03-13
719,Paula Muñoz Hernández,paula.muñoz.hernandez719@aurora-mail.test,aurora-mail.test,Particular,2025-06-20
720,Ismael García Martín,ismael.garcia.martin720@mailbox.test,mailbox.test,Particular,2024-07-01
721,Jorge Ramos Ruiz,jorge.ramos.ruiz721@aurora-corp.test,aurora-corp.test,Flota,2025-10-29
722,Nuria Martín Álvarez,nuria.martin.alvarez722@mailbox.test,mailbox.test,Empresa,2025-01-11
723,Marta Navarro Muñoz,marta.navarro.muñoz723@correo.test,correo.test,Particular,2024-09-23
724,Elena Moreno Navarro,elena.moreno.navarro724@aurora-corp.test,aurora-corp.test,Particular,2022-07-16
725,Ismael Torres García,ismael.torres.garcia725@aurora-corp.test,aurora-corp.test,Empresa,2023-03-08
726,Elena Romero Martín,elena.romero.martin726@aurora-mail.test,aurora-mail.test,Empresa,2025-01-06
727,Adrián López Sánchez,adrian.lopez.sanchez727@aurora-corp.test,aurora-corp.test,Empresa,2024-07-29
728,Carlos López López,carlos.lopez.lopez728@aurora-corp.test,aurora-corp.test,Empresa,2022-12-31
729,Ismael López Vázquez,ismael.lopez.vazquez729@aurora-mail.test,aurora-mail.test,Particular,2023-06-14
730,Clara Álvarez Romero,clara.alvarez.romero730@mailbox.test,mailbox.test,Particular,2022-02-04
731,Andrés Torres García,andres.torres.garcia731@aurora-corp.test,aurora-corp.test,Particular,2025-04-14
732,Lucía Muñoz Navarro,lucia.muñoz.navarro732@aurora-corp.test,aurora-corp.test,Empresa,2023-08-17
733,Iván Ramos López,ivan.ramos.lopez733@mailbox.test,mailbox.test,Particular,2024-06-15
734,Marta Gutiérrez Pérez,marta.gutierrez.perez734@aurora-mail.test,aurora-mail.test,Empresa,2022-10-07
735,Ismael Hernández Sánchez,ismael.hernandez.sanchez735@mailbox.test,mailbox.test,Flota,2025-10-19
736,Javier García Torres,javier.garcia.torres736@aurora-mail.test,aurora-mail.test,Particular,2022-09-10
737,Patricia Ramos Álvarez,patricia.ramos.alvarez737@aurora-corp.test,aurora-corp.test,Particular,2023-09-17
738,Javier Gómez Romero,javier.gomez.romero738@aurora-mail.test,aurora-mail.test,Particular,2022-11-26
739,Jorge Díaz Gómez,jorge.diaz.gomez739@aurora-corp.test,aurora-corp.test,Empresa,2023-01-07
740,Patricia Rodríguez Torres,patricia.rodriguez.torres740@correo.test,correo.test,Particular,2025-08-13
741,Iván López Díaz,ivan.lopez.diaz741@aurora-corp.test,aurora-corp.test,Empresa,2023-02-09
742,Raúl Moreno Muñoz,raul.moreno.muñoz742@aurora-mail.test,aurora-mail.test,Empresa,2025-10-06
743,Andrés Hernández Ramos,andres.hernandez.ramos743@aurora-corp.test,aurora-corp.test,Particular,2023-02-01
744,Clara Moreno Ramos,clara.moreno.ramos744@mailbox.test,mailbox.test,Particular,2025-04-11
745,Patricia Muñoz Moreno,patricia.muñoz.moreno745@correo.test,correo.test,Particular,2022-12-12
746,Diego Ruiz Romero,diego.ruiz.romero746@mailbox.test,mailbox.test,Particular,2024-01-07
747,Paula Gutiérrez Alonso,paula.gutierrez.alonso747@correo.test,correo.test,Empresa,2024-01-05
748,Raúl Torres Martín,raul.torres.martin748@aurora-mail.test,aurora-mail.test,Empresa,2025-08-15
749,Marina Sánchez Torres,marina.sanchez.torres749@aurora-mail.test,aurora-mail.test,Empresa,2023-06-24
750,Lucía López García,lucia.lopez.garcia750@aurora-corp.test,aurora-corp.test,Particular,2025-04-06
751,Patricia Gómez Rodríguez,patricia.gomez.rodriguez751@mailbox.test,mailbox.test,Flota,2025-01-18
752,Ismael Gutiérrez Sánchez,ismael.gutierrez.sanchez752@mailbox.test,mailbox.test,Particular,2024-03-14
753,Patricia Hernández Sánchez,patricia.hernandez.sanchez753@correo.test,correo.test,Particular,2024-10-23
754,Nuria Muñoz Navarro,nuria.muñoz.navarro754@aurora-corp.test,aurora-corp.test,Particular,2025-09-19
755,Jorge Pérez Navarro,jorge.perez.navarro755@aurora-mail.test,aurora-mail.test,Particular,2024-07-02
756,Patricia Vázquez Sánchez,patricia.vazquez.sanchez756@correo.test,correo.test,Particular,2024-01-05
757,Raúl Ruiz López,raul.ruiz.lopez757@mailbox.test,mailbox.test,Particular,2024-01-27
758,Elena Navarro Muñoz,elena.navarro.muñoz758@correo.test,correo.test,Flota,2024-08-19
759,Carlos Rodríguez Moreno,carlos.rodriguez.moreno759@aurora-corp.test,aurora-corp.test,Empresa,2024-12-03
760,Marina Díaz Vázquez,marina.diaz.vazquez760@aurora-mail.test,aurora-mail.test,Empresa,2024-02-11
761,Javier Vázquez López,javier.vazquez.lopez761@mailbox.test,mailbox.test,Administración,2024-02-10
762,Diego Navarro Álvarez,diego.navarro.alvarez762@mailbox.test,mailbox.test,Particular,2023-12-08
763,Raúl Ramos García,raul.ramos.garcia763@aurora-mail.test,aurora-mail.test,Particular,2024-06-19
764,Lucía Navarro Díaz,lucia.navarro.diaz764@aurora-mail.test,aurora-mail.test,Particular,2022-11-04
765,Javier Ramos Martín,javier.ramos.martin765@aurora-mail.test,aurora-mail.test,Empresa,2024-04-29
766,Andrés Gutiérrez Gutiérrez,andres.gutierrez.gutierrez766@correo.test,correo.test,Particular,2023-03-08
767,Adrián García Ruiz,adrian.garcia.ruiz767@aurora-corp.test,aurora-corp.test,Particular,2022-09-19
768,Pablo Sánchez Navarro,pablo.sanchez.navarro768@aurora-corp.test,aurora-corp.test,Particular,2025-03-18
769,Pablo Díaz Pérez,pablo.diaz.perez769@correo.test,correo.test,Administración,2025-05-12
770,Marta Hernández López,marta.hernandez.lopez770@aurora-mail.test,aurora-mail.test,Empresa,2024-07-08
771,Raúl Gutiérrez Pérez,raul.gutierrez.perez771@aurora-mail.test,aurora-mail.test,Empresa,2024-04-21
772,Patricia Pérez Ramos,patricia.perez.ramos772@mailbox.test,mailbox.test,Empresa,2022-12-10
773,Paula Alonso Ramos,paula.alonso.ramos773@aurora-corp.test,aurora-corp.test,Particular,2023-04-16
774,Sofía Martín García,sofia.martin.garcia774@aurora-mail.test,aurora-mail.test,Flota,2024-12-06
775,Beatriz Romero Sánchez,beatriz.romero.sanchez775@aurora-corp.test,aurora-corp.test,Particular,2022-12-30
776,Jorge Ramos Rodríguez,jorge.ramos.rodriguez776@aurora-corp.test,aurora-corp.test,Particular,2022-07-10
777,Sofía Ramos Torres,sofia.ramos.torres777@aurora-corp.test,aurora-corp.test,Empresa,2025-10-21
778,Beatriz Romero Muñoz,beatriz.romero.muñoz778@aurora-corp.test,aurora-corp.test,Particular,2024-12-21
779,Raúl Álvarez Muñoz,raul.alvarez.muñoz779@aurora-corp.test,aurora-corp.test,Particular,2024-05-21
780,Raúl Ruiz López,raul.ruiz.lopez780@mailbox.test,mailbox.test,Flota,2025-05-10
781,Adrián Díaz Gómez,adrian.diaz.gomez781@aurora-corp.test,aurora-corp.test,Particular,2022-01-15
782,Andrés Navarro García,andres.navarro.garcia782@correo.test,correo.test,Particular,2025-09-02
783,Paula Romero Muñoz,paula.romero.muñoz783@aurora-corp.test,aurora-corp.test,Particular,2022-11-13
784,Patricia Díaz Díaz,patricia.diaz.diaz784@correo.test,correo.test,Particular,2025-03-02
785,Marina Álvarez Gómez,marina.alvarez.gomez785@correo.test,correo.test,Empresa,2025-02-04
786,Raúl Pérez Muñoz,raul.perez.muñoz786@correo.test,correo.test,Administración,2023-06-04
787,Patricia Muñoz Álvarez,patricia.muñoz.alvarez787@aurora-mail.test,aurora-mail.test,Particular,2025-09-12
788,Diego Alonso Pérez,diego.alonso.perez788@aurora-corp.test,aurora-corp.test,Particular,2023-03-16
789,Paula Torres Ramos,paula.torres.ramos789@aurora-corp.test,aurora-corp.test,Particular,2022-11-26
790,Marta López Sánchez,marta.lopez.sanchez790@correo.test,correo.test,Particular,2025-05-14
791,Lucía Díaz Ruiz,lucia.diaz.ruiz791@mailbox.test,mailbox.test,Empresa,2022-06-13
792,Nuria Álvarez Ramos,nuria.alvarez.ramos792@mailbox.test,mailbox.test,Particular,2025-05-08
793,Pablo Gutiérrez Alonso,pablo.gutierrez.alonso793@aurora-corp.test,aurora-corp.test,Flota,2023-02-18
794,Beatriz Hernández Gómez,beatriz.hernandez.gomez794@aurora-corp.test,aurora-corp.test,Particular,2025-05-12
795,Diego Ramos Pérez,diego.ramos.perez795@aurora-corp.test,aurora-corp.test,Particular,2024-01-07
796,Marta Pérez López,marta.perez.lopez796@mailbox.test,mailbox.test,Particular,2024-03-29
797,Nuria Álvarez Vázquez,nuria.alvarez.vazquez797@aurora-mail.test,aurora-mail.test,Particular,2024-11-26
798,Lucía López Torres,lucia.lopez.torres798@mailbox.test,mailbox.test,Flota,2025-02-19
799,Javier Muñoz Díaz,javier.muñoz.diaz799@aurora-mail.test,aurora-mail.test,Administración,2025-05-26
800,Clara Álvarez Vázquez,clara.alvarez.vazquez800@aurora-corp.test,aurora-corp.test,Particular,2023-06-19
801,Beatriz Martín Torres,beatriz.martin.torres801@aurora-corp.test,aurora-corp.test,Particular,2024-10-27
802,Andrés Navarro Díaz,andres.navarro.diaz802@mailbox.test,mailbox.test,Administración,2024-06-25
803,Patricia Gutiérrez Ruiz,patricia.gutierrez.ruiz803@mailbox.test,mailbox.test,Empresa,2024-07-28
804,Patricia García Gutiérrez,patricia.garcia.gutierrez804@aurora-corp.test,aurora-corp.test,Particular,2023-06-13
805,Diego Ruiz Moreno,diego.ruiz.moreno805@correo.test,correo.test,Particular,2023-12-25
806,Marta Díaz Ruiz,marta.diaz.ruiz806@mailbox.test,mailbox.test,Particular,2022-07-10
807,Paula López Torres,paula.lopez.torres807@aurora-mail.test,aurora-mail.test,Particular,2024-09-02
808,Elena Vázquez Díaz,elena.vazquez.diaz808@aurora-mail.test,aurora-mail.test,Flota,2025-10-31
809,Elena Gutiérrez Gómez,elena.gutierrez.gomez809@aurora-mail.test,aurora-mail.test,Flota,2023-05-11
810,Elena Ruiz Gómez,elena.ruiz.gomez810@aurora-mail.test,aurora-mail.test,Particular,2025-06-20
811,Andrés Martín López,andres.martin.lopez811@correo.test,correo.test,Particular,2025-06-11
812,Ismael Rodríguez Gutiérrez,ismael.rodriguez.gutierrez812@mailbox.test,mailbox.test,Particular,2025-06-25
813,Patricia Díaz Gutiérrez,patricia.diaz.gutierrez813@aurora-mail.test,aurora-mail.test,Particular,2024-11-12
814,Diego Vázquez Sánchez,diego.vazquez.sanchez814@aurora-corp.test,aurora-corp.test,Empresa,2024-12-12
815,Raúl Torres Rodríguez,raul.torres.rodriguez815@mailbox.test,mailbox.test,Flota,2024-03-17
816,Pablo Alonso Martín,pablo.alonso.martin816@correo.test,correo.test,Empresa,2023-10-09
817,Marta Gómez Álvarez,marta.gomez.alvarez817@aurora-corp.test,aurora-corp.test,Particular,2023-10-29
818,Marina Pérez Torres,marina.perez.torres818@mailbox.test,mailbox.test,Particular,2023-05-01
819,Jorge Moreno Muñoz,jorge.moreno.muñoz819@aurora-mail.test,aurora-mail.test,Particular,2024-10-18
820,Adrián Muñoz Muñoz,adrian.muñoz.muñoz820@correo.test,correo.test,Particular,2023-07-27
821,Patricia Sánchez Vázquez,patricia.sanchez.vazquez821@aurora-mail.test,aurora-mail.test,Empresa,2022-07-24
822,Diego Torres Romero,diego.torres.romero822@correo.test,correo.test,Particular,2023-02-06
823,Sofía Gutiérrez García,sofia.gutierrez.garcia823@aurora-mail.test,aurora-mail.test,Particular,2024-05-13
824,Beatriz Torres Moreno,beatriz.torres.moreno824@correo.test,correo.test,Particular,2023-09-07
825,Patricia Rodríguez Álvarez,patricia.rodriguez.alvarez825@aurora-corp.test,aurora-corp.test,Particular,2022-12-01
826,Marina Gutiérrez Martín,marina.gutierrez.martin826@correo.test,correo.test,Particular,2023-11-17
827,Javier Torres Torres,javier.torres.torres827@mailbox.test,mailbox.test,Particular,2023-12-06
828,Andrés Muñoz Ramos,andres.muñoz.ramos828@aurora-mail.test,aurora-mail.test,Particular,2025-03-27
829,Ismael Pérez Hernández,ismael.perez.hernandez829@mailbox.test,mailbox.test,Empresa,2023-10-28
830,Raúl Alonso López,raul.alonso.lopez830@correo.test,correo.test,Particular,2025-06-10
831,Sofía Pérez Moreno,sofia.perez.moreno831@correo.test,correo.test,Empresa,2025-07-16
832,Nuria López López,nuria.lopez.lopez832@aurora-mail.test,aurora-mail.test,Particular,2023-12-05
833,Paula Hernández Díaz,paula.hernandez.diaz833@correo.test,correo.test,Flota,2023-07-10
834,Javier Vázquez Navarro,javier.vazquez.navarro834@correo.test,correo.test,Particular,2024-04-27
835,Marta Sánchez Ruiz,marta.sanchez.ruiz835@mailbox.test,mailbox.test,Particular,2022-06-13
836,Nuria Martín Martín,nuria.martin.martin836@aurora-corp.test,aurora-corp.test,Particular,2024-08-27
837,Marta Álvarez Navarro,marta.alvarez.navarro837@aurora-corp.test,aurora-corp.test,Particular,2022-08-01
838,Sofía López Álvarez,sofia.lopez.alvarez838@mailbox.test,mailbox.test,Particular,2023-04-15
839,Iván Alonso Sánchez,ivan.alonso.sanchez839@aurora-mail.test,aurora-mail.test,Empresa,2024-12-14
840,Marta Rodríguez Muñoz,marta.rodriguez.muñoz840@mailbox.test,mailbox.test,Particular,2024-09-02
841,Ismael Díaz Torres,ismael.diaz.torres841@correo.test,correo.test,Administración,2022-10-04
842,Ismael Pérez Vázquez,ismael.perez.vazquez842@correo.test,correo.test,Empresa,2025-07-16
843,Patricia Romero Navarro,patricia.romero.navarro843@mailbox.test,mailbox.test,Particular,2023-12-13
844,Diego López Alonso,diego.lopez.alonso844@mailbox.test,mailbox.test,Particular,2024-01-20
845,Sofía Hernández García,sofia.hernandez.garcia845@aurora-corp.test,aurora-corp.test,Empresa,2024-12-07
846,Sofía Muñoz Hernández,sofia.muñoz.hernandez846@correo.test,correo.test,Particular,2024-12-31
847,Raúl Gutiérrez Hernández,raul.gutierrez.hernandez847@aurora-corp.test,aurora-corp.test,Empresa,2024-05-31
848,Jorge Ruiz García,jorge.ruiz.garcia848@mailbox.test,mailbox.test,Particular,2023-01-22
849,Ismael Romero Álvarez,ismael.romero.alvarez849@aurora-mail.test,aurora-mail.test,Empresa,2022-12-01
850,Nuria Álvarez Ruiz,nuria.alvarez.ruiz850@mailbox.test,mailbox.test,Particular,2022-06-12
851,Diego Navarro Ramos,diego.navarro.ramos851@mailbox.test,mailbox.test,Empresa,2023-08-07
852,Ismael Díaz Romero,ismael.diaz.romero852@aurora-mail.test,aurora-mail.test,Particular,2022-05-21
853,Iván Martín Alonso,ivan.martin.alonso853@correo.test,correo.test,Empresa,2023-07-12
854,Raúl Gómez Moreno,raul.gomez.moreno854@aurora-corp.test,aurora-corp.test,Particular,2022-11-08
855,Ismael García Pérez,ismael.garcia.perez855@aurora-corp.test,aurora-corp.test,Particular,2023-08-01
856,Clara García Ruiz,clara.garcia.ruiz856@aurora-corp.test,aurora-corp.test,Particular,2022-11-05
857,Elena Moreno Romero,elena.moreno.romero857@mailbox.test,mailbox.test,Administración,2024-10-17
858,Clara Rodríguez Moreno,clara.rodriguez.moreno858@aurora-corp.test,aurora-corp.test,Particular,2022-10-27
859,Nuria López Torres,nuria.lopez.torres859@correo.test,correo.test,Particular,2023-01-07
860,Marina Álvarez García,marina.alvarez.garcia860@aurora-corp.test,aurora-corp.test,Particular,2023-05-25
861,Clara Ruiz Rodríguez,clara.ruiz.rodriguez861@aurora-mail.test,aurora-mail.test,Empresa,2024-08-01
862,Andrés Navarro Gómez,andres.navarro.gomez862@correo.test,correo.test,Empresa,2024-03-07
863,Iván Moreno Pérez,ivan.moreno.perez863@aurora-corp.test,aurora-corp.test,Particular,2025-01-30
864,Marina Gutiérrez Hernández,marina.gutierrez.hernandez864@aurora-mail.test,aurora-mail.test,Flota,2024-01-09
865,Elena Martín Ruiz,elena.martin.ruiz865@correo.test,correo.test,Particular,2023-10-27
866,Marina Vázquez Martín,marina.vazquez.martin866@correo.test,correo.test,Particular,2023-05-13
867,Carlos Vázquez Gutiérrez,carlos.vazquez.gutierrez867@aurora-mail.test,aurora-mail.test,Empresa,2024-01-31
868,Diego Pérez Gutiérrez,diego.perez.gutierrez868@aurora-corp.test,aurora-corp.test,Particular,2025-06-20
869,Carlos Rodríguez Muñoz,carlos.rodriguez.muñoz869@aurora-mail.test,aurora-mail.test,Empresa,2025-01-03
870,Sofía Gutiérrez Ruiz,sofia.gutierrez.ruiz870@mailbox.test,mailbox.test,Empresa,2025-02-17
871,Javier Alonso Gómez,javier.alonso.gomez871@aurora-corp.test,aurora-corp.test,Particular,2024-02-13
872,Sofía Díaz Rodríguez,sofia.diaz.rodriguez872@correo.test,correo.test,Particular,2024-06-15
873,Ismael Gutiérrez Gómez,ismael.gutierrez.gomez873@aurora-mail.test,aurora-mail.test,Particular,2025-01-18
874,Clara Díaz Ramos,clara.diaz.ramos874@aurora-mail.test,aurora-mail.test,Particular,2022-05-22
875,Clara Hernández Díaz,clara.hernandez.diaz875@mailbox.test,mailbox.test,Particular,2024-07-18
876,Beatriz Álvarez Pérez,beatriz.alvarez.perez876@aurora-corp.test,aurora-corp.test,Flota,2025-06-23
877,Jorge Ruiz Moreno,jorge.ruiz.moreno877@aurora-corp.test,aurora-corp.test,Administración,2025-09-10
878,Nuria Gómez Navarro,nuria.gomez.navarro878@correo.test,correo.test,Particular,2025-02-03
879,Iván Moreno Romero,ivan.moreno.romero879@mailbox.test,mailbox.test,Particular,2022-08-15
880,Lucía Rodríguez Sánchez,lucia.rodriguez.sanchez880@aurora-mail.test,aurora-mail.test,Particular,2022-03-06
881,Raúl Gómez Martín,raul.gomez.martin881@aurora-corp.test,aurora-corp.test,Empresa,2025-03-15
882,Nuria Gutiérrez Navarro,nuria.gutierrez.navarro882@mailbox.test,mailbox.test,Particular,2022-04-11
883,Jorge López García,jorge.lopez.garcia883@aurora-mail.test,aurora-mail.test,Particular,2025-09-04
884,Lucía Alonso Rodríguez,lucia.alonso.rodriguez884@mailbox.test,mailbox.test,Empresa,2025-02-16
885,Adrián Muñoz Rodríguez,adrian.muñoz.rodriguez885@mailbox.test,mailbox.test,Particular,2024-12-19
886,Lucía Hernández López,lucia.hernandez.lopez886@aurora-mail.test,aurora-mail.test,Particular,2024-11-29
887,Diego Torres Álvarez,diego.torres.alvarez887@aurora-mail.test,aurora-mail.test,Particular,2023-01-31
888,Diego Vázquez Pérez,diego.vazquez.perez888@correo.test,correo.test,Empresa,2022-08-05
889,Patricia Muñoz Alonso,patricia.muñoz.alonso889@correo.test,correo.test,Particular,2022-08-02
890,Pablo Torres Álvarez,pablo.torres.alvarez890@mailbox.test,mailbox.test,Particular,2025-09-08
891,Jorge Alonso Muñoz,jorge.alonso.muñoz891@mailbox.test,mailbox.test,Administración,2025-01-31
892,Paula Muñoz Romero,paula.muñoz.romero892@correo.test,correo.test,Empresa,2023-10-25
893,Patricia Torres Gómez,patricia.torres.gomez893@correo.test,correo.test,Flota,2025-01-31
894,Marina Muñoz Alonso,marina.muñoz.alonso894@correo.test,correo.test,Particular,2024-03-24
895,Carlos Hernández Ramos,carlos.hernandez.ramos895@aurora-corp.test,aurora-corp.test,Particular,2024-11-26
896,Iván García Hernández,ivan.garcia.hernandez896@aurora-mail.test,aurora-mail.test,Flota,2023-03-16
897,Marta Díaz Torres,marta.diaz.torres897@aurora-mail.test,aurora-mail.test,Particular,2022-07-13
898,Javier Sánchez Sánchez,javier.sanchez.sanchez898@mailbox.test,mailbox.test,Flota,2024-01-22
899,Diego Ruiz Díaz,diego.ruiz.diaz899@mailbox.test,mailbox.test,Particular,2022-07-08
900,Patricia Gómez López,patricia.gomez.lopez900@mailbox.test,mailbox.test,Particular,2024-09-15
901,Patricia Martín Ramos,patricia.martin.ramos901@mailbox.test,mailbox.test,Empresa,2022-03-18
902,Patricia Álvarez López,patricia.alvarez.lopez902@aurora-corp.test,aurora-corp.test,Particular,2023-11-16
903,Adrián Romero Martín,adrian.romero.martin903@aurora-mail.test,aurora-mail.test,Empresa,2025-08-29
904,Marta Álvarez Rodríguez,marta.alvarez.rodriguez904@mailbox.test,mailbox.test,Particular,2024-12-09
905,Ismael Vázquez Sánchez,ismael.vazquez.sanchez905@mailbox.test,mailbox.test,Empresa,2024-10-25
906,Sofía Rodríguez Álvarez,sofia.rodriguez.alvarez906@correo.test,correo.test,Particular,2025-05-03
907,Lucía Ruiz Romero,lucia.ruiz.romero907@mailbox.test,mailbox.test,Particular,2024-03-18
908,Paula López Gutiérrez,paula.lopez.gutierrez908@aurora-corp.test,aurora-corp.test,Particular,2025-01-27
909,Lucía Álvarez Navarro,lucia.alvarez.navarro909@correo.test,correo.test,Empresa,2022-09-25
910,Raúl Torres Gómez,raul.torres.gomez910@correo.test,correo.test,Empresa,2024-03-20
911,Elena Torres Ramos,elena.torres.ramos911@aurora-mail.test,aurora-mail.test,Particular,2023-05-12
912,Adrián Moreno Vázquez,adrian.moreno.vazquez912@aurora-corp.test,aurora-corp.test,Empresa,2022-08-19
913,Adrián Muñoz Muñoz,adrian.muñoz.muñoz913@aurora-mail.test,aurora-mail.test,Particular,2023-10-19
914,Marta Hernández Pérez,marta.hernandez.perez914@mailbox.test,mailbox.test,Empresa,2025-06-16
915,Clara Ramos Sánchez,clara.ramos.sanchez915@correo.test,correo.test,Flota,2022-04-02
916,Diego Gómez Muñoz,diego.gomez.muñoz916@aurora-mail.test,aurora-mail.test,Particular,2022-06-25
917,Carlos Ruiz Ramos,carlos.ruiz.ramos917@aurora-mail.test,aurora-mail.test,Particular,2023-08-13
918,Andrés Hernández Alonso,andres.hernandez.alonso918@correo.test,correo.test,Particular,2022-02-16
919,Ismael Gómez Gómez,ismael.gomez.gomez919@mailbox.test,mailbox.test,Particular,2025-01-28
920,Sofía García Álvarez,sofia.garcia.alvarez920@aurora-corp.test,aurora-corp.test,Particular,2023-06-08
921,Iván Gómez Ramos,ivan.gomez.ramos921@mailbox.test,mailbox.test,Particular,2022-04-19
922,Marta López Álvarez,marta.lopez.alvarez922@mailbox.test,mailbox.test,Flota,2025-09-19
923,Javier Martín García,javier.martin.garcia923@mailbox.test,mailbox.test,Particular,2025-08-22
924,Nuria Navarro Martín,nuria.navarro.martin924@mailbox.test,mailbox.test,Flota,2024-09-19
925,Ismael López Pérez,ismael.lopez.perez925@aurora-mail.test,aurora-mail.test,Administración,2024-10-22
926,Ismael García Rodríguez,ismael.garcia.rodriguez926@aurora-mail.test,aurora-mail.test,Particular,2024-12-20
927,Raúl Álvarez Pérez,raul.alvarez.perez927@aurora-corp.test,aurora-corp.test,Empresa,2023-12-12
928,Javier Hernández Ruiz,javier.hernandez.ruiz928@mailbox.test,mailbox.test,Empresa,2022-05-07
929,Nuria García Torres,nuria.garcia.torres929@mailbox.test,mailbox.test,Particular,2023-04-07
930,Nuria Sánchez López,nuria.sanchez.lopez930@correo.test,correo.test,Administración,2024-12-02
931,Jorge Ruiz Romero,jorge.ruiz.romero931@aurora-mail.test,aurora-mail.test,Particular,2025-03-19
932,Iván Ramos Moreno,ivan.ramos.moreno932@correo.test,correo.test,Particular,2025-01-15
933,Sofía Vázquez Torres,sofia.vazquez.torres933@aurora-mail.test,aurora-mail.test,Particular,2022-10-10
934,Beatriz Sánchez Romero,beatriz.sanchez.romero934@aurora-mail.test,aurora-mail.test,Flota,2025-09-05
935,Pablo Moreno López,pablo.moreno.lopez935@aurora-corp.test,aurora-corp.test,Particular,2023-01-13
936,Sofía García Moreno,sofia.garcia.moreno936@correo.test,correo.test,Particular,2024-04-22
937,Marina Sánchez Gómez,marina.sanchez.gomez937@aurora-corp.test,aurora-corp.test,Particular,2022-09-27
938,Jorge Ramos Díaz,jorge.ramos.diaz938@aurora-mail.test,aurora-mail.test,Particular,2025-05-06
939,Marta Muñoz López,marta.muñoz.lopez939@correo.test,correo.test,Particular,2022-10-02
940,Jorge Gutiérrez Muñoz,jorge.gutierrez.muñoz940@aurora-mail.test,aurora-mail.test,Particular,2024-03-04
941,Sofía Pérez Gómez,sofia.perez.gomez941@aurora-mail.test,aurora-mail.test,Particular,2022-03-08
942,Marta Díaz Romero,marta.diaz.romero942@aurora-mail.test,aurora-mail.test,Administración,2025-10-06
943,Elena López Pérez,elena.lopez.perez943@correo.test,correo.test,Particular,2025-06-17
944,Paula Alonso Ruiz,paula.alonso.ruiz944@correo.test,correo.test,Empresa,2024-04-09
945,Jorge Álvarez Moreno,jorge.alvarez.moreno945@correo.test,correo.test,Flota,2025-06-06
946,Patricia Ramos Torres,patricia.ramos.torres946@aurora-corp.test,aurora-corp.test,Particular,2024-12-02
947,Clara Rodríguez Ruiz,clara.rodriguez.ruiz947@correo.test,correo.test,Particular,2022-03-22
948,Beatriz Rodríguez Gómez,beatriz.rodriguez.gomez948@mailbox.test,mailbox.test,Particular,2024-06-19
949,Iván Hernández Alonso,ivan.hernandez.alonso949@aurora-mail.test,aurora-mail.test,Particular,2024-05-15
950,Carlos Navarro Sánchez,carlos.navarro.sanchez950@correo.test,correo.test,Particular,2025-08-16
951,Beatriz Martín Pérez,beatriz.martin.perez951@aurora-mail.test,aurora-mail.test,Particular,2024-03-16
952,Clara García Pérez,clara.garcia.perez952@correo.test,correo.test,Flota,2025-04-23
953,Elena Alonso López,elena.alonso.lopez953@mailbox.test,mailbox.test,Empresa,2023-10-26
954,Pablo Martín López,pablo.martin.lopez954@aurora-corp.test,aurora-corp.test,Empresa,2024-07-09
955,Lucía Navarro Álvarez,lucia.navarro.alvarez955@aurora-mail.test,aurora-mail.test,Particular,2024-02-15
956,Carlos Pérez Moreno,carlos.perez.moreno956@aurora-mail.test,aurora-mail.test,Flota,2022-11-29
957,Pablo Rodríguez Romero,pablo.rodriguez.romero957@mailbox.test,mailbox.test,Empresa,2023-09-26
958,Clara Hernández Pérez,clara.hernandez.perez958@aurora-corp.test,aurora-corp.test,Administración,2022-09-27
959,Marta Ramos Díaz,marta.ramos.diaz959@aurora-corp.test,aurora-corp.test,Particular,2024-07-28
960,Raúl Torres García,raul.torres.garcia960@correo.test,correo.test,Particular,2023-05-03
961,Raúl Alonso Romero,raul.alonso.romero961@correo.test,correo.test,Empresa,2022-06-12
962,Marta Ruiz Torres,marta.ruiz.torres962@mailbox.test,mailbox.test,Empresa,2025-06-23
963,Elena Rodríguez Pérez,elena.rodriguez.perez963@aurora-mail.test,aurora-mail.test,Empresa,2022-04-23
964,Carlos Sánchez Rodríguez,carlos.sanchez.rodriguez964@mailbox.test,mailbox.test,Flota,2023-11-10
965,Carlos Martín Romero,carlos.martin.romero965@aurora-mail.test,aurora-mail.test,Empresa,2022-11-27
966,Jorge Ramos Vázquez,jorge.ramos.vazquez966@aurora-mail.test,aurora-mail.test,Empresa,2024-07-21
967,Javier Rodríguez López,javier.rodriguez.lopez967@mailbox.test,mailbox.test,Particular,2023-10-24
968,Nuria López Romero,nuria.lopez.romero968@aurora-corp.test,aurora-corp.test,Particular,2023-08-23
969,Andrés Díaz Moreno,andres.diaz.moreno969@correo.test,correo.test,Particular,2024-12-10
970,Elena Ramos Rodríguez,elena.ramos.rodriguez970@aurora-corp.test,aurora-corp.test,Empresa,2025-03-16
971,Beatriz López Gutiérrez,beatriz.lopez.gutierrez971@mailbox.test,mailbox.test,Empresa,2024-05-24
972,Paula Díaz Navarro,paula.diaz.navarro972@mailbox.test,mailbox.test,Empresa,2022-09-23
973,Raúl Navarro Gutiérrez,raul.navarro.gutierrez973@correo.test,correo.test,Flota,2023-01-04
974,Diego Hernández Gómez,diego.hernandez.gomez974@aurora-corp.test,aurora-corp.test,Particular,2022-08-31
975,Andrés Gómez Ramos,andres.gomez.ramos975@correo.test,correo.test,Particular,2024-04-27
976,Javier Torres Gómez,javier.torres.gomez976@aurora-corp.test,aurora-corp.test,Particular,2025-08-04
977,Iván Díaz López,ivan.diaz.lopez977@mailbox.test,mailbox.test,Particular,2023-09-07
978,Paula García Martín,paula.garcia.martin978@mailbox.test,mailbox.test,Particular,2023-12-01
979,Patricia Ramos García,patricia.ramos.garcia979@aurora-mail.test,aurora-mail.test,Particular,2023-02-02
980,Paula Gutiérrez Gutiérrez,paula.gutierrez.gutierrez980@aurora-corp.test,aurora-corp.test,Particular,2025-08-15
981,Sofía Alonso Torres,sofia.alonso.torres981@mailbox.test,mailbox.test,Empresa,2024-08-05
982,Adrián Rodríguez Navarro,adrian.rodriguez.navarro982@mailbox.test,mailbox.test,Empresa,2025-03-03
983,Paula Torres Torres,paula.torres.torres983@aurora-corp.test,aurora-corp.test,Particular,2023-03-03
984,Paula Muñoz López,paula.muñoz.lopez984@aurora-mail.test,aurora-mail.test,Empresa,2023-07-29
985,Paula Álvarez Torres,paula.alvarez.torres985@aurora-mail.test,aurora-mail.test,Empresa,2025-03-15
986,Pablo Ramos Martín,pablo.ramos.martin986@mailbox.test,mailbox.test,Empresa,2023-10-07
987,Marina Romero López,marina.romero.lopez987@correo.test,correo.test,Particular,2023-05-02
988,Iván Gómez Navarro,ivan.gomez.navarro988@mailbox.test,mailbox.test,Particular,2022-12-25
989,Carlos Gómez López,carlos.gomez.lopez989@correo.test,correo.test,Particular,2024-11-02
990,Raúl Navarro Sánchez,raul.navarro.sanchez990@aurora-mail.test,aurora-mail.test,Flota,2023-11-28
991,Beatriz Hernández Moreno,beatriz.hernandez.moreno991@aurora-mail.test,aurora-mail.test,Empresa,2022-07-21
992,Beatriz Sánchez Gómez,beatriz.sanchez.gomez992@aurora-corp.test,aurora-corp.test,Particular,2024-07-29
993,Beatriz Martín García,beatriz.martin.garcia993@mailbox.test,mailbox.test,Empresa,2022-04-01
994,Jorge López Moreno,jorge.lopez.moreno994@correo.test,correo.test,Particular,2022-04-05
995,Iván García Vázquez,ivan.garcia.vazquez995@mailbox.test,mailbox.test,Flota,2025-08-01
996,Paula Gómez Gómez,paula.gomez.gomez996@mailbox.test,mailbox.test,Particular,2023-07-21
997,Clara Martín Díaz,clara.martin.diaz997@aurora-mail.test,aurora-mail.test,Particular,2022-11-19
998,Marta Ramos Torres,marta.ramos.torres998@aurora-corp.test,aurora-corp.test,Particular,2023-02-28
999,Ismael Moreno Díaz,ismael.moreno.diaz999@aurora-mail.test,aurora-mail.test,Particular,2023-08-04
1000,Pablo López Hernández,pablo.lopez.hernandez1000@mailbox.test,mailbox.test,Particular,2025-01-12
1001,Sofía García Gutiérrez,sofia.garcia.gutierrez1001@aurora-corp.test,aurora-corp.test,Particular,2022-08-05
1002,Lucía Romero Álvarez,lucia.romero.alvarez1002@aurora-mail.test,aurora-mail.test,Flota,2025-05-05
1003,Clara Ramos Muñoz,clara.ramos.muñoz1003@mailbox.test,mailbox.test,Empresa,2023-11-12
1004,Ismael López Alonso,ismael.lopez.alonso1004@aurora-mail.test,aurora-mail.test,Empresa,2022-07-10
1005,Clara Martín Alonso,clara.martin.alonso1005@mailbox.test,mailbox.test,Empresa,2025-08-12
1006,Clara Gutiérrez Ruiz,clara.gutierrez.ruiz1006@aurora-mail.test,aurora-mail.test,Flota,2022-10-22
1007,Jorge Díaz Muñoz,jorge.diaz.muñoz1007@correo.test,correo.test,Empresa,2023-01-11
1008,Paula Moreno Alonso,paula.moreno.alonso1008@correo.test,correo.test,Particular,2022-03-03
1009,Andrés Muñoz Gutiérrez,andres.muñoz.gutierrez1009@correo.test,correo.test,Particular,2022-12-16
1010,Javier Ramos Vázquez,javier.ramos.vazquez1010@aurora-mail.test,aurora-mail.test,Particular,2024-11-06
1011,Andrés Moreno Torres,andres.moreno.torres1011@aurora-corp.test,aurora-corp.test,Particular,2023-09-11
1012,Nuria Vázquez Romero,nuria.vazquez.romero1012@aurora-mail.test,aurora-mail.test,Particular,2025-06-25
1013,Pablo Gutiérrez Álvarez,pablo.gutierrez.alvarez1013@aurora-corp.test,aurora-corp.test,Particular,2023-11-29
1014,Patricia Romero Romero,patricia.romero.romero1014@mailbox.test,mailbox.test,Empresa,2025-01-20
1015,Pablo López Vázquez,pablo.lopez.vazquez1015@correo.test,correo.test,Particular,2022-08-23
1016,Clara Moreno Torres,clara.moreno.torres1016@aurora-corp.test,aurora-corp.test,Particular,2024-06-30
1017,Nuria López Ramos,nuria.lopez.ramos1017@aurora-corp.test,aurora-corp.test,Empresa,2025-05-06
1018,Nuria Moreno Gutiérrez,nuria.moreno.gutierrez1018@aurora-corp.test,aurora-corp.test,Particular,2022-07-05
1019,Sofía Vázquez García,sofia.vazquez.garcia1019@aurora-mail.test,aurora-mail.test,Particular,2025-09-15
1020,Ismael Hernández Álvarez,ismael.hernandez.alvarez1020@correo.test,correo.test,Particular,2023-02-05
1021,Paula Hernández Vázquez,paula.hernandez.vazquez1021@mailbox.test,mailbox.test,Empresa,2024-06-09
1022,Javier López Vázquez,javier.lopez.vazquez1022@aurora-corp.test,aurora-corp.test,Administración,2025-06-06
1023,Nuria Sánchez Hernández,nuria.sanchez.hernandez1023@aurora-corp.test,aurora-corp.test,Flota,2024-01-27
1024,Carlos García Torres,carlos.garcia.torres1024@mailbox.test,mailbox.test,Flota,2022-08-13
1025,Marta Ruiz Romero,marta.ruiz.romero1025@correo.test,correo.test,Particular,2025-07-04
1026,Nuria Álvarez Álvarez,nuria.alvarez.alvarez1026@correo.test,correo.test,Particular,2025-01-21
1027,Pablo Gutiérrez Sánchez,pablo.gutierrez.sanchez1027@aurora-mail.test,aurora-mail.test,Particular,2025-02-11
1028,Javier Romero Sánchez,javier.romero.sanchez1028@mailbox.test,mailbox.test,Particular,2025-10-04
1029,Marta López García,marta.lopez.garcia1029@aurora-mail.test,aurora-mail.test,Empresa,2024-09-23
1030,Sofía López Sánchez,sofia.lopez.sanchez1030@correo.test,correo.test,Flota,2024-07-22
1031,Jorge Romero Ramos,jorge.romero.ramos1031@aurora-mail.test,aurora-mail.test,Particular,2024-07-19
1032,Ismael Alonso Álvarez,ismael.alonso.alvarez1032@mailbox.test,mailbox.test,Particular,2023-04-08
1033,Jorge García Vázquez,jorge.garcia.vazquez1033@correo.test,correo.test,Empresa,2023-04-30
1034,Marina Romero Torres,marina.romero.torres1034@mailbox.test,mailbox.test,Administración,2022-03-10
1035,Patricia Gutiérrez Muñoz,patricia.gutierrez.muñoz1035@aurora-corp.test,aurora-corp.test,Particular,2025-04-03
1036,Lucía Sánchez Navarro,lucia.sanchez.navarro1036@mailbox.test,mailbox.test,Particular,2024-08-10
1037,Beatriz Ramos López,beatriz.ramos.lopez1037@aurora-mail.test,aurora-mail.test,Empresa,2024-08-25
1038,Lucía Torres Vázquez,lucia.torres.vazquez1038@mailbox.test,mailbox.test,Particular,2025-06-09
1039,Paula Torres García,paula.torres.garcia1039@correo.test,correo.test,Particular,2024-07-18
1040,Raúl Vázquez Moreno,raul.vazquez.moreno1040@correo.test,correo.test,Administración,2023-12-24
1041,Iván Hernández Pérez,ivan.hernandez.perez1041@aurora-corp.test,aurora-corp.test,Empresa,2025-05-08
1042,Patricia Díaz Rodríguez,patricia.diaz.rodriguez1042@correo.test,correo.test,Particular,2025-03-30
1043,Carlos Hernández Ramos,carlos.hernandez.ramos1043@aurora-corp.test,aurora-corp.test,Particular,2023-08-11
1044,Sofía Navarro López,sofia.navarro.lopez1044@mailbox.test,mailbox.test,Particular,2023-06-01
1045,Marina Díaz Díaz,marina.diaz.diaz1045@aurora-corp.test,aurora-corp.test,Empresa,2022-08-17
1046,Patricia Sánchez Alonso,patricia.sanchez.alonso1046@mailbox.test,mailbox.test,Particular,2022-12-26
1047,Diego Gutiérrez Pérez,diego.gutierrez.perez1047@aurora-corp.test,aurora-corp.test,Administración,2023-12-04
1048,Sofía Ramos Sánchez,sofia.ramos.sanchez1048@correo.test,correo.test,Empresa,2024-04-25
1049,Diego Alonso Pérez,diego.alonso.perez1049@aurora-mail.test,aurora-mail.test,Empresa,2025-03-29
1050,Javier Rodríguez Díaz,javier.rodriguez.diaz1050@aurora-corp.test,aurora-corp.test,Particular,2022-04-18
1051,Nuria Gutiérrez Hernández,nuria.gutierrez.hernandez1051@correo.test,correo.test,Particular,2024-12-26
1052,Nuria Gutiérrez Díaz,nuria.gutierrez.diaz1052@aurora-mail.test,aurora-mail.test,Flota,2024-12-22
1053,Marta Hernández Alonso,marta.hernandez.alonso1053@correo.test,correo.test,Particular,2025-10-21
1054,Beatriz Rodríguez Martín,beatriz.rodriguez.martin1054@mailbox.test,mailbox.test,Empresa,2024-06-03
1055,Marina Moreno Díaz,marina.moreno.diaz1055@mailbox.test,mailbox.test,Particular,2022-07-21
1056,Patricia Álvarez Alonso,patricia.alvarez.alonso1056@aurora-mail.test,aurora-mail.test,Particular,2025-10-08
1057,Elena Navarro Moreno,elena.navarro.moreno1057@aurora-mail.test,aurora-mail.test,Particular,2023-10-04
1058,Marta López García,marta.lopez.garcia1058@correo.test,correo.test,Particular,2022-07-20
1059,Clara Muñoz Ruiz,clara.muñoz.ruiz1059@mailbox.test,mailbox.test,Particular,2023-05-31
1060,Marta Ramos López,marta.ramos.lopez1060@aurora-corp.test,aurora-corp.test,Empresa,2025-05-01
1061,Elena Ramos Martín,elena.ramos.martin1061@aurora-corp.test,aurora-corp.test,Flota,2022-06-26
1062,Sofía Álvarez Vázquez,sofia.alvarez.vazquez1062@aurora-mail.test,aurora-mail.test,Empresa,2022-08-16
1063,Marina Hernández Alonso,marina.hernandez.alonso1063@aurora-corp.test,aurora-corp.test,Particular,2025-08-01
1064,Marina Romero Moreno,marina.romero.moreno1064@mailbox.test,mailbox.test,Empresa,2022-11-28
1065,Marina Rodríguez Álvarez,marina.rodriguez.alvarez1065@correo.test,correo.test,Administración,2023-11-13
1066,Marina Díaz Pérez,marina.diaz.perez1066@correo.test,correo.test,Particular,2022-05-23
1067,Elena Ramos Álvarez,elena.ramos.alvarez1067@aurora-mail.test,aurora-mail.test,Particular,2025-08-14
1068,Sofía Torres Romero,sofia.torres.romero1068@aurora-mail.test,aurora-mail.test,Empresa,2025-06-11
1069,Clara Díaz Martín,clara.diaz.martin1069@aurora-corp.test,aurora-corp.test,Particular,2022-05-30
1070,Marina Alonso García,marina.alonso.garcia1070@correo.test,correo.test,Empresa,2022-11-01
1071,Marta Rodríguez Álvarez,marta.rodriguez.alvarez1071@mailbox.test,mailbox.test,Empresa,2022-11-07
1072,Nuria Vázquez García,nuria.vazquez.garcia1072@correo.test,correo.test,Particular,2024-09-06
1073,Lucía Torres Ruiz,lucia.torres.ruiz1073@aurora-corp.test,aurora-corp.test,Administración,2024-02-27
1074,Raúl Martín Vázquez,raul.martin.vazquez1074@mailbox.test,mailbox.test,Empresa,2023-11-14
1075,Nuria Rodríguez López,nuria.rodriguez.lopez1075@mailbox.test,mailbox.test,Flota,2024-12-30
1076,Paula López Alonso,paula.lopez.alonso1076@mailbox.test,mailbox.test,Particular,2025-08-19
1077,Ismael Rodríguez Álvarez,ismael.rodriguez.alvarez1077@aurora-mail.test,aurora-mail.test,Empresa,2023-09-05
1078,Andrés Muñoz Gutiérrez,andres.muñoz.gutierrez1078@aurora-corp.test,aurora-corp.test,Particular,2025-07-19
1079,Elena Sánchez Rodríguez,elena.sanchez.rodriguez1079@aurora-mail.test,aurora-mail.test,Empresa,2022-02-21
1080,Patricia Ruiz Gutiérrez,patricia.ruiz.gutierrez1080@correo.test,correo.test,Empresa,2022-05-10
1081,Iván Gutiérrez Torres,ivan.gutierrez.torres1081@correo.test,correo.test,Particular,2022-02-03
1082,Carlos Moreno Rodríguez,carlos.moreno.rodriguez1082@correo.test,correo.test,Particular,2022-08-31
1083,Beatriz Alonso Torres,beatriz.alonso.torres1083@aurora-mail.test,aurora-mail.test,Particular,2025-04-01
1084,Lucía Rodríguez Sánchez,lucia.rodriguez.sanchez1084@correo.test,correo.test,Particular,2025-09-01
1085,Jorge Rodríguez Ruiz,jorge.rodriguez.ruiz1085@aurora-mail.test,aurora-mail.test,Particular,2022-01-30
1086,Carlos Hernández Martín,carlos.hernandez.martin1086@correo.test,correo.test,Particular,2025-06-05
1087,Patricia López Martín,patricia.lopez.martin1087@aurora-corp.test,aurora-corp.test,Particular,2024-10-15
1088,Jorge Ruiz López,jorge.ruiz.lopez1088@aurora-mail.test,aurora-mail.test,Particular,2024-05-22
1089,Nuria Moreno Martín,nuria.moreno.martin1089@aurora-mail.test,aurora-mail.test,Empresa,2023-10-21
1090,Elena Rodríguez Vázquez,elena.rodriguez.vazquez1090@aurora-mail.test,aurora-mail.test,Particular,2023-11-19
1091,Marina Sánchez Romero,marina.sanchez.romero1091@aurora-mail.test,aurora-mail.test,Particular,2024-01-28
1092,Clara Ruiz Vázquez,clara.ruiz.vazquez1092@aurora-corp.test,aurora-corp.test,Particular,2022-10-01
1093,Jorge Álvarez Pérez,jorge.alvarez.perez1093@aurora-corp.test,aurora-corp.test,Particular,2024-09-24
1094,Marta Pérez López,marta.perez.lopez1094@mailbox.test,mailbox.test,Empresa,2024-05-02
1095,Raúl Sánchez Gómez,raul.sanchez.gomez1095@aurora-mail.test,aurora-mail.test,Particular,2025-08-03
1096,Clara Romero Ruiz,clara.romero.ruiz1096@aurora-mail.test,aurora-mail.test,Empresa,2025-06-04
1097,Jorge Pérez Gutiérrez,jorge.perez.gutierrez1097@aurora-corp.test,aurora-corp.test,Empresa,2025-07-08
1098,Iván Muñoz Romero,ivan.muñoz.romero1098@aurora-corp.test,aurora-corp.test,Particular,2025-02-16
1099,Andrés Navarro Martín,andres.navarro.martin1099@mailbox.test,mailbox.test,Particular,2025-01-10
1100,Clara Gómez Díaz,clara.gomez.diaz1100@aurora-corp.test,aurora-corp.test,Particular,2023-02-01
1101,Sofía Gutiérrez Gutiérrez,sofia.gutierrez.gutierrez1101@aurora-mail.test,aurora-mail.test,Empresa,2022-11-24
1102,Carlos Rodríguez Muñoz,carlos.rodriguez.muñoz1102@mailbox.test,mailbox.test,Particular,2023-03-06
1103,Paula Ramos Alonso,paula.ramos.alonso1103@aurora-corp.test,aurora-corp.test,Empresa,2022-08-02
1104,Ismael Pérez Pérez,ismael.perez.perez1104@aurora-corp.test,aurora-corp.test,Particular,2024-09-20
1105,Lucía Ruiz Alonso,lucia.ruiz.alonso1105@mailbox.test,mailbox.test,Particular,2024-05-08
1106,Paula Ruiz Martín,paula.ruiz.martin1106@mailbox.test,mailbox.test,Particular,2023-04-12
1107,Adrián Gómez Álvarez,adrian.gomez.alvarez1107@aurora-mail.test,aurora-mail.test,Particular,2022-05-31
1108,Raúl Rodríguez Romero,raul.rodriguez.romero1108@aurora-mail.test,aurora-mail.test,Flota,2023-03-19
1109,Clara Pérez Álvarez,clara.perez.alvarez1109@mailbox.test,mailbox.test,Particular,2022-10-07
1110,Elena Muñoz Díaz,elena.muñoz.diaz1110@aurora-mail.test,aurora-mail.test,Particular,2023-11-19
1111,Patricia Rodríguez Díaz,patricia.rodriguez.diaz1111@aurora-mail.test,aurora-mail.test,Flota,2022-08-16
1112,Clara Romero Pérez,clara.romero.perez1112@mailbox.test,mailbox.test,Flota,2023-03-27
1113,Jorge Pérez Ramos,jorge.perez.ramos1113@aurora-mail.test,aurora-mail.test,Administración,2025-03-29
1114,Diego López Romero,diego.lopez.romero1114@correo.test,correo.test,Particular,2023-03-20
1115,Clara Díaz García,clara.diaz.garcia1115@correo.test,correo.test,Particular,2023-05-21
1116,Adrián Vázquez Ruiz,adrian.vazquez.ruiz1116@aurora-mail.test,aurora-mail.test,Flota,2025-03-20
1117,Adrián Rodríguez Rodríguez,adrian.rodriguez.rodriguez1117@correo.test,correo.test,Particular,2024-10-29
1118,Beatriz Álvarez Gutiérrez,beatriz.alvarez.gutierrez1118@aurora-corp.test,aurora-corp.test,Particular,2024-07-15
1119,Lucía Torres García,lucia.torres.garcia1119@correo.test,correo.test,Particular,2023-03-23
1120,Iván Ruiz López,ivan.ruiz.lopez1120@aurora-corp.test,aurora-corp.test,Empresa,2024-09-09
1121,Pablo Alonso Vázquez,pablo.alonso.vazquez1121@aurora-corp.test,aurora-corp.test,Particular,2024-07-20
1122,Sofía Álvarez Pérez,sofia.alvarez.perez1122@mailbox.test,mailbox.test,Particular,2025-07-07
1123,Marta López Álvarez,marta.lopez.alvarez1123@mailbox.test,mailbox.test,Particular,2024-12-23
1124,Adrián Díaz Ramos,adrian.diaz.ramos1124@aurora-mail.test,aurora-mail.test,Empresa,2022-06-15
1125,Paula Rodríguez Navarro,paula.rodriguez.navarro1125@mailbox.test,mailbox.test,Particular,2022-04-16
1126,Javier Alonso Ramos,javier.alonso.ramos1126@aurora-corp.test,aurora-corp.test,Particular,2024-01-19
1127,Ismael López Torres,ismael.lopez.torres1127@aurora-mail.test,aurora-mail.test,Administración,2022-10-11
1128,Diego Torres Martín,diego.torres.martin1128@correo.test,correo.test,Flota,2025-04-03
1129,Elena Ruiz Moreno,elena.ruiz.moreno1129@mailbox.test,mailbox.test,Particular,2023-07-02
1130,Adrián Díaz Rodríguez,adrian.diaz.rodriguez1130@aurora-corp.test,aurora-corp.test,Particular,2024-02-03
1131,Raúl Navarro Navarro,raul.navarro.navarro1131@aurora-corp.test,aurora-corp.test,Empresa,2024-08-20
1132,Ismael Hernández Alonso,ismael.hernandez.alonso1132@mailbox.test,mailbox.test,Flota,2025-10-10
1133,Lucía Gómez Alonso,lucia.gomez.alonso1133@aurora-corp.test,aurora-corp.test,Particular,2022-06-14
1134,Pablo Hernández López,pablo.hernandez.lopez1134@aurora-corp.test,aurora-corp.test,Particular,2022-12-04
1135,Sofía Gutiérrez Sánchez,sofia.gutierrez.sanchez1135@aurora-mail.test,aurora-mail.test,Administración,2024-12-02
1136,Marta Hernández Romero,marta.hernandez.romero1136@aurora-mail.test,aurora-mail.test,Particular,2024-08-28
1137,Clara García Hernández,clara.garcia.hernandez1137@aurora-mail.test,aurora-mail.test,Particular,2022-05-09
1138,Diego Navarro Moreno,diego.navarro.moreno1138@correo.test,correo.test,Particular,2025-03-31
1139,Paula Gutiérrez Vázquez,paula.gutierrez.vazquez1139@correo.test,correo.test,Particular,2024-07-26
1140,Sofía Hernández Pérez,sofia.hernandez.perez1140@mailbox.test,mailbox.test,Particular,2023-04-10
1141,Iván Rodríguez Sánchez,ivan.rodriguez.sanchez1141@mailbox.test,mailbox.test,Particular,2023-08-06
1142,Pablo Ramos Pérez,pablo.ramos.perez1142@mailbox.test,mailbox.test,Administración,2023-01-09
1143,Sofía Pérez Ruiz,sofia.perez.ruiz1143@aurora-corp.test,aurora-corp.test,Administración,2022-03-26
1144,Patricia Sánchez Alonso,patricia.sanchez.alonso1144@mailbox.test,mailbox.test,Particular,2024-01-28
1145,Ismael Rodríguez Moreno,ismael.rodriguez.moreno1145@mailbox.test,mailbox.test,Particular,2022-10-30
1146,Ismael Pérez Torres,ismael.perez.torres1146@mailbox.test,mailbox.test,Flota,2022-09-06
1147,Nuria Gutiérrez Sánchez,nuria.gutierrez.sanchez1147@correo.test,correo.test,Particular,2023-10-18
1148,Ismael Navarro Moreno,ismael.navarro.moreno1148@mailbox.test,mailbox.test,Flota,2024-08-28
1149,Patricia Sánchez Vázquez,patricia.sanchez.vazquez1149@correo.test,correo.test,Empresa,2023-11-25
1150,Raúl Rodríguez Sánchez,raul.rodriguez.sanchez1150@aurora-corp.test,aurora-corp.test,Particular,2023-09-23
1151,Jorge Ruiz Alonso,jorge.ruiz.alonso1151@mailbox.test,mailbox.test,Particular,2022-07-09
1152,Jorge Gómez Vázquez,jorge.gomez.vazquez1152@aurora-mail.test,aurora-mail.test,Particular,2023-07-24
1153,Lucía Torres Alonso,lucia.torres.alonso1153@aurora-corp.test,aurora-corp.test,Particular,2024-11-14
1154,Raúl Moreno Ramos,raul.moreno.ramos1154@aurora-corp.test,aurora-corp.test,Particular,2025-09-27
1155,Sofía Romero Muñoz,sofia.romero.muñoz1155@correo.test,correo.test,Particular,2024-02-03
1156,Javier Muñoz Hernández,javier.muñoz.hernandez1156@correo.test,correo.test,Particular,2025-02-22
1157,Clara Romero Alonso,clara.romero.alonso1157@mailbox.test,mailbox.test,Empresa,2022-12-02
1158,Adrián Romero Sánchez,adrian.romero.sanchez1158@aurora-corp.test,aurora-corp.test,Particular,2022-10-22
1159,Raúl Navarro Moreno,raul.navarro.moreno1159@aurora-corp.test,aurora-corp.test,Empresa,2025-04-24
1160,Lucía García Romero,lucia.garcia.romero1160@mailbox.test,mailbox.test,Particular,2024-04-28
1161,Clara Vázquez Sánchez,clara.vazquez.sanchez1161@aurora-mail.test,aurora-mail.test,Empresa,2023-01-16
1162,Iván Torres Gutiérrez,ivan.torres.gutierrez1162@aurora-corp.test,aurora-corp.test,Empresa,2023-09-11
1163,Iván Gutiérrez Torres,ivan.gutierrez.torres1163@correo.test,correo.test,Particular,2023-04-05
1164,Marta Sánchez Díaz,marta.sanchez.diaz1164@mailbox.test,mailbox.test,Empresa,2025-08-04
1165,Raúl Martín Hernández,raul.martin.hernandez1165@correo.test,correo.test,Particular,2023-01-03
1166,Diego García Martín,diego.garcia.martin1166@mailbox.test,mailbox.test,Administración,2024-10-06
1167,Lucía Ramos Muñoz,lucia.ramos.muñoz1167@correo.test,correo.test,Particular,2025-03-04
1168,Marina Gutiérrez Martín,marina.gutierrez.martin1168@mailbox.test,mailbox.test,Empresa,2024-11-15
1169,Marta Díaz Pérez,marta.diaz.perez1169@aurora-corp.test,aurora-corp.test,Particular,2022-10-27
1170,Sofía Muñoz Pérez,sofia.muñoz.perez1170@aurora-corp.test,aurora-corp.test,Particular,2023-07-13
1171,Javier Rodríguez Hernández,javier.rodriguez.hernandez1171@mailbox.test,mailbox.test,Empresa,2024-12-20
1172,Lucía Navarro Gómez,lucia.navarro.gomez1172@aurora-mail.test,aurora-mail.test,Particular,2022-07-13
1173,Pablo Torres Moreno,pablo.torres.moreno1173@mailbox.test,mailbox.test,Particular,2023-09-09
1174,Javier Martín Torres,javier.martin.torres1174@mailbox.test,mailbox.test,Particular,2022-10-22
1175,Beatriz Hernández Muñoz,beatriz.hernandez.muñoz1175@correo.test,correo.test,Particular,2024-04-23
1176,Pablo Martín Gómez,pablo.martin.gomez1176@aurora-mail.test,aurora-mail.test,Particular,2024-10-27
1177,Elena Torres Ramos,elena.torres.ramos1177@aurora-corp.test,aurora-corp.test,Particular,2024-05-04
1178,Lucía Martín Sánchez,lucia.martin.sanchez1178@aurora-corp.test,aurora-corp.test,Particular,2024-09-09
1179,Javier Sánchez Alonso,javier.sanchez.alonso1179@mailbox.test,mailbox.test,Empresa,2022-12-19
1180,Marta Martín Ruiz,marta.martin.ruiz1180@aurora-mail.test,aurora-mail.test,Empresa,2022-10-19
1181,Iván Sánchez Gómez,ivan.sanchez.gomez1181@aurora-mail.test,aurora-mail.test,Particular,2022-06-10
1182,Andrés López García,andres.lopez.garcia1182@correo.test,correo.test,Particular,2024-06-02
1183,Andrés Rodríguez Navarro,andres.rodriguez.navarro1183@aurora-corp.test,aurora-corp.test,Particular,2024-08-18
1184,Marina Rodríguez López,marina.rodriguez.lopez1184@mailbox.test,mailbox.test,Particular,2025-09-29
1185,Andrés Martín Ramos,andres.martin.ramos1185@aurora-mail.test,aurora-mail.test,Flota,2025-04-18
1186,Pablo Muñoz García,pablo.muñoz.garcia1186@aurora-corp.test,aurora-corp.test,Empresa,2022-10-26
1187,Marina Vázquez Muñoz,marina.vazquez.muñoz1187@mailbox.test,mailbox.test,Flota,2022-11-25
1188,Jorge Ruiz Navarro,jorge.ruiz.navarro1188@aurora-corp.test,aurora-corp.test,Empresa,2022-07-22
1189,Marta Navarro Gómez,marta.navarro.gomez1189@aurora-mail.test,aurora-mail.test,Particular,2023-08-01
1190,Ismael García Martín,ismael.garcia.martin1190@aurora-mail.test,aurora-mail.test,Flota,2024-10-29
1191,Raúl Muñoz Vázquez,raul.muñoz.vazquez1191@aurora-mail.test,aurora-mail.test,Empresa,2024-06-19
1192,Andrés Pérez Muñoz,andres.perez.muñoz1192@correo.test,correo.test,Particular,2024-05-18
1193,Diego Romero Martín,diego.romero.martin1193@mailbox.test,mailbox.test,Particular,2022-09-11
1194,Beatriz Sánchez Gutiérrez,beatriz.sanchez.gutierrez1194@mailbox.test,mailbox.test,Particular,2023-08-14
1195,Carlos López Moreno,carlos.lopez.moreno1195@correo.test,correo.test,Particular,2022-08-25
1196,Clara Ramos Hernández,clara.ramos.hernandez1196@correo.test,correo.test,Particular,2023-04-08
1197,Iván Romero Gómez,ivan.romero.gomez1197@aurora-corp.test,aurora-corp.test,Flota,2024-09-01
1198,Javier Pérez García,javier.perez.garcia1198@correo.test,correo.test,Particular,2025-10-08
1199,Clara Navarro López,clara.navarro.lopez1199@aurora-corp.test,aurora-corp.test,Particular,2022-10-21
1200,Patricia Martín Pérez,patricia.martin.perez1200@aurora-corp.test,aurora-corp.test,Administración,2024-01-15
1201,Paula Gómez Ramos,paula.gomez.ramos1201@correo.test,correo.test,Particular,2022-09-09
1202,Adrián Gutiérrez Díaz,adrian.gutierrez.diaz1202@mailbox.test,mailbox.test,Flota,2025-08-11
1203,Javier Gutiérrez Ramos,javier.gutierrez.ramos1203@correo.test,correo.test,Particular,2024-09-19
1204,Sofía Alonso Martín,sofia.alonso.martin1204@aurora-corp.test,aurora-corp.test,Particular,2023-05-29
1205,Diego Sánchez García,diego.sanchez.garcia1205@aurora-corp.test,aurora-corp.test,Empresa,2022-04-19
1206,Raúl García Pérez,raul.garcia.perez1206@correo.test,correo.test,Empresa,2025-05-23
1207,Sofía Hernández Ramos,sofia.hernandez.ramos1207@aurora-corp.test,aurora-corp.test,Empresa,2022-06-06
1208,Beatriz Gutiérrez Alonso,beatriz.gutierrez.alonso1208@aurora-mail.test,aurora-mail.test,Empresa,2023-08-25
1209,Raúl Navarro Díaz,raul.navarro.diaz1209@mailbox.test,mailbox.test,Particular,2025-01-12
1210,Carlos Romero Martín,carlos.romero.martin1210@correo.test,correo.test,Particular,2024-07-10
1211,Nuria Alonso Alonso,nuria.alonso.alonso1211@aurora-corp.test,aurora-corp.test,Particular,2022-03-09
1212,Iván Pérez Gutiérrez,ivan.perez.gutierrez1212@correo.test,correo.test,Particular,2022-10-03
1213,Nuria Gutiérrez Martín,nuria.gutierrez.martin1213@correo.test,correo.test,Particular,2025-09-13
1214,Ismael Vázquez Gutiérrez,ismael.vazquez.gutierrez1214@correo.test,correo.test,Flota,2025-02-25
1215,Beatriz Rodríguez Álvarez,beatriz.rodriguez.alvarez1215@mailbox.test,mailbox.test,Particular,2024-10-10
1216,Nuria Ramos Muñoz,nuria.ramos.muñoz1216@mailbox.test,mailbox.test,Particular,2023-10-19
1217,Patricia Rodríguez Sánchez,patricia.rodriguez.sanchez1217@mailbox.test,mailbox.test,Empresa,2023-12-16
1218,Patricia García Moreno,patricia.garcia.moreno1218@correo.test,correo.test,Particular,2022-07-19
1219,Javier Romero Muñoz,javier.romero.muñoz1219@aurora-corp.test,aurora-corp.test,Particular,2025-09-16
1220,Diego Hernández Vázquez,diego.hernandez.vazquez1220@aurora-corp.test,aurora-corp.test,Flota,2022-05-15
1221,Andrés Moreno Pérez,andres.moreno.perez1221@aurora-corp.test,aurora-corp.test,Particular,2025-01-07
1222,Clara Romero Vázquez,clara.romero.vazquez1222@correo.test,correo.test,Particular,2023-07-01
1223,Raúl Vázquez García,raul.vazquez.garcia1223@mailbox.test,mailbox.test,Particular,2024-02-13
1224,Paula Vázquez Martín,paula.vazquez.martin1224@correo.test,correo.test,Empresa,2022-07-24
1225,Elena Moreno Gutiérrez,elena.moreno.gutierrez1225@mailbox.test,mailbox.test,Empresa,2022-12-08
1226,Javier Romero Gómez,javier.romero.gomez1226@correo.test,correo.test,Empresa,2025-07-25
1227,Lucía Torres Gómez,lucia.torres.gomez1227@mailbox.test,mailbox.test,Particular,2023-06-28
1228,Patricia Álvarez Ruiz,patricia.alvarez.ruiz1228@aurora-corp.test,aurora-corp.test,Particular,2025-03-30
1229,Paula Díaz López,paula.diaz.lopez1229@correo.test,correo.test,Particular,2024-05-24
1230,Lucía Hernández Navarro,lucia.hernandez.navarro1230@mailbox.test,mailbox.test,Empresa,2024-06-05
1231,Paula Gómez Romero,paula.gomez.romero1231@correo.test,correo.test,Empresa,2023-05-30
1232,Clara Torres Pérez,clara.torres.perez1232@aurora-corp.test,aurora-corp.test,Empresa,2025-07-09
1233,Pablo Vázquez Gutiérrez,pablo.vazquez.gutierrez1233@aurora-mail.test,aurora-mail.test,Administración,2025-09-15
1234,Clara Díaz Torres,clara.diaz.torres1234@correo.test,correo.test,Empresa,2025-03-05
1235,Carlos Navarro Gómez,carlos.navarro.gomez1235@mailbox.test,mailbox.test,Particular,2024-08-05
1236,Sofía Hernández Romero,sofia.hernandez.romero1236@correo.test,correo.test,Flota,2023-10-15
1237,Lucía Gómez Romero,lucia.gomez.romero1237@mailbox.test,mailbox.test,Empresa,2023-08-11
1238,Marina Ramos Ruiz,marina.ramos.ruiz1238@correo.test,correo.test,Particular,2023-05-04
1239,Elena García Ruiz,elena.garcia.ruiz1239@mailbox.test,mailbox.test,Particular,2024-08-08
1240,Adrián Romero Rodríguez,adrian.romero.rodriguez1240@aurora-mail.test,aurora-mail.test,Particular,2022-11-23
1241,Marta Díaz Díaz,marta.diaz.diaz1241@aurora-mail.test,aurora-mail.test,Flota,2025-08-12
1242,Raúl García Rodríguez,raul.garcia.rodriguez1242@aurora-corp.test,aurora-corp.test,Empresa,2023-10-05
1243,Lucía Romero Muñoz,lucia.romero.muñoz1243@aurora-corp.test,aurora-corp.test,Flota,2024-03-23
1244,Sofía Ruiz Martín,sofia.ruiz.martin1244@aurora-corp.test,aurora-corp.test,Empresa,2024-12-04
1245,Patricia Navarro Díaz,patricia.navarro.diaz1245@correo.test,correo.test,Particular,2022-07-04
1246,Andrés Moreno Moreno,andres.moreno.moreno1246@correo.test,correo.test,Flota,2023-04-29
1247,Elena Sánchez Martín,elena.sanchez.martin1247@aurora-mail.test,aurora-mail.test,Administración,2023-03-15
1248,Clara Romero Díaz,clara.romero.diaz1248@aurora-corp.test,aurora-corp.test,Particular,2024-10-01
1249,Andrés Moreno Torres,andres.moreno.torres1249@correo.test,correo.test,Empresa,2024-08-30
1250,Marina Sánchez Muñoz,marina.sanchez.muñoz1250@correo.test,correo.test,Empresa,2024-01-24
1251,Marta Ramos Rodríguez,marta.ramos.rodriguez1251@aurora-corp.test,aurora-corp.test,Particular,2025-10-07
1252,Ismael Álvarez Hernández,ismael.alvarez.hernandez1252@mailbox.test,mailbox.test,Particular,2022-09-07
1253,Diego Alonso Álvarez,diego.alonso.alvarez1253@aurora-corp.test,aurora-corp.test,Flota,2024-03-15
1254,Marina Hernández López,marina.hernandez.lopez1254@aurora-mail.test,aurora-mail.test,Particular,2023-09-02
1255,Pablo Alonso Moreno,pablo.alonso.moreno1255@correo.test,correo.test,Particular,2022-03-11
1256,Lucía Gutiérrez Gutiérrez,lucia.gutierrez.gutierrez1256@correo.test,correo.test,Empresa,2023-11-13
1257,Andrés Pérez Díaz,andres.perez.diaz1257@aurora-corp.test,aurora-corp.test,Particular,2023-12-22
1258,Ismael Moreno Alonso,ismael.moreno.alonso1258@aurora-corp.test,aurora-corp.test,Empresa,2022-04-17
1259,Pablo Alonso Sánchez,pablo.alonso.sanchez1259@aurora-corp.test,aurora-corp.test,Particular,2024-03-31
1260,Iván Moreno Vázquez,ivan.moreno.vazquez1260@aurora-corp.test,aurora-corp.test,Particular,2022-08-15
1261,Beatriz Sánchez Ramos,beatriz.sanchez.ramos1261@correo.test,correo.test,Particular,2023-10-17
1262,Sofía Díaz Pérez,sofia.diaz.perez1262@mailbox.test,mailbox.test,Particular,2023-08-01
1263,Adrián Muñoz Pérez,adrian.muñoz.perez1263@correo.test,correo.test,Flota,2024-02-12
1264,Patricia Ruiz García,patricia.ruiz.garcia1264@aurora-corp.test,aurora-corp.test,Empresa,2025-02-17
1265,Diego López Alonso,diego.lopez.alonso1265@aurora-mail.test,aurora-mail.test,Empresa,2023-06-21
1266,Pablo Rodríguez Álvarez,pablo.rodriguez.alvarez1266@correo.test,correo.test,Particular,2025-05-14
1267,Lucía Muñoz Pérez,lucia.muñoz.perez1267@aurora-corp.test,aurora-corp.test,Empresa,2022-01-29
1268,Adrián Alonso Gutiérrez,adrian.alonso.gutierrez1268@aurora-corp.test,aurora-corp.test,Empresa,2023-04-05
1269,Elena Díaz Hernández,elena.diaz.hernandez1269@correo.test,correo.test,Particular,2024-02-22
1270,Elena Ramos Gómez,elena.ramos.gomez1270@mailbox.test,mailbox.test,Particular,2025-10-18
1271,Pablo Romero Sánchez,pablo.romero.sanchez1271@aurora-corp.test,aurora-corp.test,Administración,2023-08-18
1272,Diego Ramos Alonso,diego.ramos.alonso1272@aurora-mail.test,aurora-mail.test,Particular,2024-01-28
1273,Clara López García,clara.lopez.garcia1273@correo.test,correo.test,Flota,2022-09-30
1274,Nuria Gómez Álvarez,nuria.gomez.alvarez1274@correo.test,correo.test,Particular,2025-05-08
1275,Andrés Torres Rodríguez,andres.torres.rodriguez1275@aurora-corp.test,aurora-corp.test,Flota,2023-11-13
1276,Raúl Muñoz Ramos,raul.muñoz.ramos1276@aurora-corp.test,aurora-corp.test,Particular,2022-01-11
1277,Jorge Álvarez Hernández,jorge.alvarez.hernandez1277@correo.test,correo.test,Particular,2025-10-06
1278,Ismael Rodríguez Vázquez,ismael.rodriguez.vazquez1278@aurora-mail.test,aurora-mail.test,Particular,2023-06-18
1279,Raúl Moreno Alonso,raul.moreno.alonso1279@aurora-mail.test,aurora-mail.test,Particular,2022-07-03
1280,Beatriz Romero Sánchez,beatriz.romero.sanchez1280@mailbox.test,mailbox.test,Particular,2022-08-28
1281,Sofía Gutiérrez Díaz,sofia.gutierrez.diaz1281@mailbox.test,mailbox.test,Particular,2024-05-30
1282,Marina Ramos Díaz,marina.ramos.diaz1282@mailbox.test,mailbox.test,Flota,2024-06-11
1283,Paula Gutiérrez Sánchez,paula.gutierrez.sanchez1283@correo.test,correo.test,Particular,2022-04-19
1284,Carlos Ruiz Pérez,carlos.ruiz.perez1284@aurora-corp.test,aurora-corp.test,Particular,2024-08-21
1285,Clara Romero Martín,clara.romero.martin1285@correo.test,correo.test,Particular,2022-03-25
1286,Ismael Gutiérrez Alonso,ismael.gutierrez.alonso1286@correo.test,correo.test,Empresa,2022-08-19
1287,Sofía Martín Muñoz,sofia.martin.muñoz1287@aurora-corp.test,aurora-corp.test,Flota,2023-02-22
1288,Pablo Pérez Navarro,pablo.perez.navarro1288@mailbox.test,mailbox.test,Flota,2025-02-27
1289,Patricia Gómez Vázquez,patricia.gomez.vazquez1289@aurora-corp.test,aurora-corp.test,Empresa,2024-12-13
1290,Pablo Romero López,pablo.romero.lopez1290@aurora-mail.test,aurora-mail.test,Empresa,2024-10-17
1291,Paula García Hernández,paula.garcia.hernandez1291@aurora-corp.test,aurora-corp.test,Particular,2024-03-18
1292,Andrés Moreno Sánchez,andres.moreno.sanchez1292@aurora-corp.test,aurora-corp.test,Particular,2022-06-16
1293,Raúl Alonso Díaz,raul.alonso.diaz1293@aurora-corp.test,aurora-corp.test,Administración,2023-11-06
1294,Jorge Alonso Moreno,jorge.alonso.moreno1294@aurora-mail.test,aurora-mail.test,Flota,2023-03-09
1295,Iván Moreno Rodríguez,ivan.moreno.rodriguez1295@aurora-corp.test,aurora-corp.test,Administración,2025-01-25
1296,Nuria López Álvarez,nuria.lopez.alvarez1296@mailbox.test,mailbox.test,Particular,2022-12-31
1297,Nuria López García,nuria.lopez.garcia1297@aurora-mail.test,aurora-mail.test,Particular,2022-11-30
1298,Nuria Hernández Sánchez,nuria.hernandez.sanchez1298@aurora-corp.test,aurora-corp.test,Particular,2023-09-04
1299,Adrián Hernández Ramos,adrian.hernandez.ramos1299@aurora-mail.test,aurora-mail.test,Empresa,2024-01-06
1300,Javier Navarro Gómez,javier.navarro.gomez1300@correo.test,correo.test,Flota,2024-07-01
1301,Raúl Díaz Vázquez,raul.diaz.vazquez1301@correo.test,correo.test,Empresa,2022-07-04
1302,Javier Ramos Pérez,javier.ramos.perez1302@correo.test,correo.test,Particular,2025-07-15
1303,Carlos Navarro Moreno,carlos.navarro.moreno1303@correo.test,correo.test,Particular,2025-10-17
1304,Sofía Gutiérrez Navarro,sofia.gutierrez.navarro1304@aurora-corp.test,aurora-corp.test,Particular,2023-08-19
1305,Lucía Gutiérrez Hernández,lucia.gutierrez.hernandez1305@aurora-mail.test,aurora-mail.test,Empresa,2022-09-19
1306,Iván Ruiz Navarro,ivan.ruiz.navarro1306@correo.test,correo.test,Particular,2023-08-29
1307,Ismael López Rodríguez,ismael.lopez.rodriguez1307@aurora-corp.test,aurora-corp.test,Particular,2024-11-11
1308,Andrés Alonso Vázquez,andres.alonso.vazquez1308@mailbox.test,mailbox.test,Particular,2023-12-29
1309,Lucía Navarro García,lucia.navarro.garcia1309@aurora-corp.test,aurora-corp.test,Particular,2025-09-16
1310,Pablo Álvarez Rodríguez,pablo.alvarez.rodriguez1310@aurora-corp.test,aurora-corp.test,Flota,2024-05-02
1311,Iván Moreno Vázquez,ivan.moreno.vazquez1311@correo.test,correo.test,Particular,2025-10-04
1312,Marina Moreno Pérez,marina.moreno.perez1312@aurora-mail.test,aurora-mail.test,Particular,2023-01-15
1313,Jorge Díaz Martín,jorge.diaz.martin1313@correo.test,correo.test,Particular,2024-12-30
1314,Nuria Martín García,nuria.martin.garcia1314@aurora-mail.test,aurora-mail.test,Particular,2025-09-05
1315,Nuria Ramos Gutiérrez,nuria.ramos.gutierrez1315@mailbox.test,mailbox.test,Empresa,2025-06-20
1316,Jorge Muñoz Álvarez,jorge.muñoz.alvarez1316@mailbox.test,mailbox.test,Particular,2022-06-29
1317,Marta Gómez Martín,marta.gomez.martin1317@aurora-corp.test,aurora-corp.test,Flota,2023-01-21
1318,Elena Gutiérrez Sánchez,elena.gutierrez.sanchez1318@aurora-mail.test,aurora-mail.test,Empresa,2024-06-11
1319,Ismael Gómez López,ismael.gomez.lopez1319@mailbox.test,mailbox.test,Particular,2024-08-07
1320,Adrián García Martín,adrian.garcia.martin1320@aurora-mail.test,aurora-mail.test,Empresa,2022-11-09
1321,Clara Gutiérrez Gutiérrez,clara.gutierrez.gutierrez1321@aurora-corp.test,aurora-corp.test,Particular,2024-07-09
1322,Elena Hernández Vázquez,elena.hernandez.vazquez1322@correo.test,correo.test,Particular,2022-04-15
1323,Andrés Romero Romero,andres.romero.romero1323@correo.test,correo.test,Particular,2025-03-31
1324,Ismael Hernández Rodríguez,ismael.hernandez.rodriguez1324@correo.test,correo.test,Particular,2024-03-29
1325,Patricia Ramos Gutiérrez,patricia.ramos.gutierrez1325@aurora-mail.test,aurora-mail.test,Particular,2022-05-05
1326,Adrián Vázquez Moreno,adrian.vazquez.moreno1326@aurora-corp.test,aurora-corp.test,Flota,2023-07-03
1327,Adrián Gutiérrez Martín,adrian.gutierrez.martin1327@correo.test,correo.test,Flota,2025-06-29
1328,Javier Alonso Romero,javier.alonso.romero1328@aurora-corp.test,aurora-corp.test,Particular,2022-11-27
1329,Elena Gutiérrez Muñoz,elena.gutierrez.muñoz1329@correo.test,correo.test,Particular,2023-04-21
1330,Patricia Moreno Ramos,patricia.moreno.ramos1330@correo.test,correo.test,Flota,2022-09-26
1331,Nuria Romero Muñoz,nuria.romero.muñoz1331@correo.test,correo.test,Empresa,2022-11-28
1332,Iván López Gutiérrez,ivan.lopez.gutierrez1332@aurora-mail.test,aurora-mail.test,Particular,2022-12-21
1333,Jorge Gutiérrez Martín,jorge.gutierrez.martin1333@correo.test,correo.test,Particular,2024-10-08
1334,Elena Torres Rodríguez,elena.torres.rodriguez1334@aurora-corp.test,aurora-corp.test,Flota,2024-01-05
1335,Javier Pérez Pérez,javier.perez.perez1335@aurora-corp.test,aurora-corp.test,Particular,2022-05-11
1336,Andrés Ramos Ruiz,andres.ramos.ruiz1336@aurora-corp.test,aurora-corp.test,Particular,2025-02-24
1337,Marina Moreno Muñoz,marina.moreno.muñoz1337@aurora-corp.test,aurora-corp.test,Particular,2025-02-14
1338,Sofía Navarro Ramos,sofia.navarro.ramos1338@aurora-corp.test,aurora-corp.test,Flota,2022-04-14
1339,Clara Alonso Martín,clara.alonso.martin1339@aurora-corp.test,aurora-corp.test,Empresa,2025-06-04
1340,Andrés Torres Rodríguez,andres.torres.rodriguez1340@aurora-corp.test,aurora-corp.test,Empresa,2022-12-09
1341,Elena Muñoz Pérez,elena.muñoz.perez1341@mailbox.test,mailbox.test,Empresa,2024-06-23
1342,Raúl Martín Sánchez,raul.martin.sanchez1342@mailbox.test,mailbox.test,Empresa,2023-11-17
1343,Andrés Gómez Alonso,andres.gomez.alonso1343@correo.test,correo.test,Particular,2022-01-14
1344,Raúl Moreno Hernández,raul.moreno.hernandez1344@aurora-mail.test,aurora-mail.test,Particular,2022-06-24
1345,Adrián Muñoz Ruiz,adrian.muñoz.ruiz1345@aurora-mail.test,aurora-mail.test,Particular,2024-12-20
1346,Diego Sánchez Romero,diego.sanchez.romero1346@correo.test,correo.test,Flota,2024-04-18
1347,Beatriz Muñoz García,beatriz.muñoz.garcia1347@correo.test,correo.test,Empresa,2022-10-26
1348,Beatriz López López,beatriz.lopez.lopez1348@mailbox.test,mailbox.test,Particular,2023-10-07
1349,Pablo Romero Rodríguez,pablo.romero.rodriguez1349@correo.test,correo.test,Empresa,2022-03-17
1350,Sofía Vázquez Rodríguez,sofia.vazquez.rodriguez1350@mailbox.test,mailbox.test,Particular,2024-05-08
1351,Ismael Hernández Moreno,ismael.hernandez.moreno1351@mailbox.test,mailbox.test,Empresa,2022-01-17
1352,Beatriz Ramos Sánchez,beatriz.ramos.sanchez1352@correo.test,correo.test,Empresa,2024-07-02
1353,Ismael Ramos Ramos,ismael.ramos.ramos1353@correo.test,correo.test,Flota,2023-12-09
1354,Nuria Gómez Hernández,nuria.gomez.hernandez1354@aurora-corp.test,aurora-corp.test,Particular,2022-03-17
1355,Nuria Sánchez Navarro,nuria.sanchez.navarro1355@mailbox.test,mailbox.test,Particular,2023-03-14
1356,Ismael Hernández Navarro,ismael.hernandez.navarro1356@mailbox.test,mailbox.test,Particular,2025-07-25
1357,Marta Torres Vázquez,marta.torres.vazquez1357@mailbox.test,mailbox.test,Empresa,2023-05-10
1358,Iván Romero Navarro,ivan.romero.navarro1358@aurora-corp.test,aurora-corp.test,Empresa,2022-05-03
1359,Marina Navarro Muñoz,marina.navarro.muñoz1359@aurora-corp.test,aurora-corp.test,Empresa,2022-04-08
1360,Andrés Alonso Hernández,andres.alonso.hernandez1360@aurora-corp.test,aurora-corp.test,Particular,2024-07-17
1361,Diego Vázquez Vázquez,diego.vazquez.vazquez1361@aurora-mail.test,aurora-mail.test,Particular,2023-12-19
1362,Patricia Sánchez Álvarez,patricia.sanchez.alvarez1362@aurora-mail.test,aurora-mail.test,Particular,2022-08-04
1363,Patricia Gómez Muñoz,patricia.gomez.muñoz1363@correo.test,correo.test,Particular,2022-07-20
1364,Adrián Romero López,adrian.romero.lopez1364@aurora-corp.test,aurora-corp.test,Particular,2022-05-08
1365,Sofía Gutiérrez Gómez,sofia.gutierrez.gomez1365@correo.test,correo.test,Particular,2022-06-09
1366,Beatriz Álvarez Vázquez,beatriz.alvarez.vazquez1366@correo.test,correo.test,Particular,2023-06-25
1367,Adrián Alonso Gutiérrez,adrian.alonso.gutierrez1367@correo.test,correo.test,Particular,2022-11-30
1368,Sofía Gutiérrez Alonso,sofia.gutierrez.alonso1368@aurora-mail.test,aurora-mail.test,Flota,2024-11-17
1369,Andrés Gómez Alonso,andres.gomez.alonso1369@correo.test,correo.test,Empresa,2022-03-08
1370,Ismael Muñoz Martín,ismael.muñoz.martin1370@correo.test,correo.test,Particular,2022-08-14
1371,Patricia Hernández Rodríguez,patricia.hernandez.rodriguez1371@aurora-mail.test,aurora-mail.test,Particular,2022-08-30
1372,Javier Hernández Hernández,javier.hernandez.hernandez1372@correo.test,correo.test,Empresa,2022-02-27
1373,Sofía Vázquez Romero,sofia.vazquez.romero1373@aurora-corp.test,aurora-corp.test,Flota,2023-09-17
1374,Elena Pérez Gutiérrez,elena.perez.gutierrez1374@aurora-corp.test,aurora-corp.test,Particular,2022-09-08
1375,Lucía Rodríguez Romero,lucia.rodriguez.romero1375@correo.test,correo.test,Particular,2025-03-19
1376,Clara Moreno Álvarez,clara.moreno.alvarez1376@correo.test,correo.test,Particular,2025-05-25
1377,Sofía Navarro Alonso,sofia.navarro.alonso1377@correo.test,correo.test,Particular,2025-09-28
1378,Paula López Ramos,paula.lopez.ramos1378@correo.test,correo.test,Particular,2024-03-04
1379,Nuria Moreno Torres,nuria.moreno.torres1379@aurora-corp.test,aurora-corp.test,Flota,2025-10-05
1380,Marina López Pérez,marina.lopez.perez1380@aurora-corp.test,aurora-corp.test,Empresa,2025-03-17
1381,Iván Torres Martín,ivan.torres.martin1381@aurora-corp.test,aurora-corp.test,Administración,2023-01-30
1382,Ismael Vázquez Rodríguez,ismael.vazquez.rodriguez1382@aurora-mail.test,aurora-mail.test,Particular,2024-09-01
1383,Marta Martín Torres,marta.martin.torres1383@aurora-mail.test,aurora-mail.test,Particular,2022-02-08
1384,Elena Ruiz Vázquez,elena.ruiz.vazquez1384@correo.test,correo.test,Empresa,2022-06-23
1385,Jorge Moreno Álvarez,jorge.moreno.alvarez1385@aurora-corp.test,aurora-corp.test,Flota,2024-10-03
1386,Marta Moreno Romero,marta.moreno.romero1386@aurora-mail.test,aurora-mail.test,Particular,2024-04-29
1387,Beatriz Moreno Álvarez,beatriz.moreno.alvarez1387@mailbox.test,mailbox.test,Particular,2022-07-06
1388,Andrés Torres Pérez,andres.torres.perez1388@mailbox.test,mailbox.test,Particular,2022-10-22
1389,Lucía Sánchez Hernández,lucia.sanchez.hernandez1389@correo.test,correo.test,Particular,2025-10-21
1390,Jorge Moreno Pérez,jorge.moreno.perez1390@aurora-corp.test,aurora-corp.test,Particular,2022-04-30
1391,Andrés Moreno Sánchez,andres.moreno.sanchez1391@correo.test,correo.test,Particular,2023-10-26
1392,Andrés Rodríguez Gómez,andres.rodriguez.gomez1392@aurora-mail.test,aurora-mail.test,Particular,2025-05-07
1393,Raúl Navarro Navarro,raul.navarro.navarro1393@correo.test,correo.test,Particular,2022-08-24
1394,Paula Alonso Torres,paula.alonso.torres1394@correo.test,correo.test,Particular,2022-05-15
1395,Adrián Ruiz García,adrian.ruiz.garcia1395@mailbox.test,mailbox.test,Administración,2025-02-08
1396,Andrés Ruiz Torres,andres.ruiz.torres1396@aurora-mail.test,aurora-mail.test,Particular,2023-09-16
1397,Clara López Navarro,clara.lopez.navarro1397@aurora-mail.test,aurora-mail.test,Particular,2022-10-19
1398,Pablo Ruiz Torres,pablo.ruiz.torres1398@correo.test,correo.test,Particular,2025-02-10
1399,Marta Alonso Ramos,marta.alonso.ramos1399@mailbox.test,mailbox.test,Administración,2025-08-30
1400,Marta Rodríguez Gutiérrez,marta.rodriguez.gutierrez1400@mailbox.test,mailbox.test,Particular,2025-05-09
1401,Nuria Muñoz Gómez,nuria.muñoz.gomez1401@mailbox.test,mailbox.test,Particular,2022-04-04
1402,Ismael Vázquez López,ismael.vazquez.lopez1402@mailbox.test,mailbox.test,Particular,2022-07-03
1403,Andrés Sánchez Torres,andres.sanchez.torres1403@mailbox.test,mailbox.test,Particular,2024-06-03
1404,Beatriz Moreno Moreno,beatriz.moreno.moreno1404@mailbox.test,mailbox.test,Particular,2024-07-16
1405,Paula Moreno Gómez,paula.moreno.gomez1405@correo.test,correo.test,Particular,2025-05-12
1406,Sofía García Ramos,sofia.garcia.ramos1406@correo.test,correo.test,Flota,2022-01-09
1407,Pablo Romero Torres,pablo.romero.torres1407@correo.test,correo.test,Particular,2024-03-15
1408,Lucía Torres García,lucia.torres.garcia1408@correo.test,correo.test,Particular,2025-10-08
1409,Nuria Ramos Muñoz,nuria.ramos.muñoz1409@correo.test,correo.test,Empresa,2022-12-29
1410,Marta Martín Alonso,marta.martin.alonso1410@mailbox.test,mailbox.test,Particular,2023-01-31
1411,Diego García Díaz,diego.garcia.diaz1411@mailbox.test,mailbox.test,Particular,2023-01-28
1412,Jorge Hernández Ruiz,jorge.hernandez.ruiz1412@aurora-mail.test,aurora-mail.test,Administración,2024-10-08
1413,Carlos Díaz Gutiérrez,carlos.diaz.gutierrez1413@aurora-mail.test,aurora-mail.test,Particular,2022-01-15
1414,Nuria Martín Díaz,nuria.martin.diaz1414@correo.test,correo.test,Particular,2022-12-16
1415,Patricia Ramos Vázquez,patricia.ramos.vazquez1415@aurora-mail.test,aurora-mail.test,Particular,2022-05-14
1416,Lucía Sánchez Díaz,lucia.sanchez.diaz1416@aurora-mail.test,aurora-mail.test,Empresa,2024-12-07
1417,Marina Gómez García,marina.gomez.garcia1417@mailbox.test,mailbox.test,Particular,2025-10-26
1418,Clara García Romero,clara.garcia.romero1418@aurora-corp.test,aurora-corp.test,Particular,2023-10-24
1419,Adrián Díaz Martín,adrian.diaz.martin1419@correo.test,correo.test,Particular,2024-10-11
1420,Carlos Ruiz Rodríguez,carlos.ruiz.rodriguez1420@mailbox.test,mailbox.test,Particular,2024-05-10
1421,Paula García Álvarez,paula.garcia.alvarez1421@aurora-mail.test,aurora-mail.test,Particular,2023-11-17
1422,Patricia García Ruiz,patricia.garcia.ruiz1422@correo.test,correo.test,Flota,2022-06-02
1423,Elena Pérez Moreno,elena.perez.moreno1423@mailbox.test,mailbox.test,Empresa,2022-05-09
1424,Andrés García Gutiérrez,andres.garcia.gutierrez1424@correo.test,correo.test,Particular,2022-02-19
1425,Paula Díaz Ruiz,paula.diaz.ruiz1425@aurora-corp.test,aurora-corp.test,Particular,2024-08-27
1426,Paula Rodríguez Moreno,paula.rodriguez.moreno1426@aurora-mail.test,aurora-mail.test,Empresa,2022-05-30
1427,Jorge Alonso Martín,jorge.alonso.martin1427@correo.test,correo.test,Particular,2025-03-31
1428,Carlos Rodríguez Álvarez,carlos.rodriguez.alvarez1428@mailbox.test,mailbox.test,Empresa,2022-05-14
1429,Carlos Alonso Rodríguez,carlos.alonso.rodriguez1429@mailbox.test,mailbox.test,Empresa,2025-06-04
1430,Lucía Martín Rodríguez,lucia.martin.rodriguez1430@aurora-corp.test,aurora-corp.test,Empresa,2023-08-27
1431,Nuria Martín Ramos,nuria.martin.ramos1431@correo.test,correo.test,Flota,2023-04-23
1432,Jorge García Alonso,jorge.garcia.alonso1432@correo.test,correo.test,Empresa,2024-08-08
1433,Jorge Ramos Martín,jorge.ramos.martin1433@mailbox.test,mailbox.test,Flota,2025-08-26
1434,Marta Alonso Navarro,marta.alonso.navarro1434@mailbox.test,mailbox.test,Particular,2025-04-18
1435,Andrés García Ramos,andres.garcia.ramos1435@aurora-corp.test,aurora-corp.test,Empresa,2025-04-29
1436,Elena Vázquez Sánchez,elena.vazquez.sanchez1436@mailbox.test,mailbox.test,Particular,2023-12-29
1437,Jorge Alonso Pérez,jorge.alonso.perez1437@aurora-mail.test,aurora-mail.test,Empresa,2022-10-09
1438,Carlos Sánchez Hernández,carlos.sanchez.hernandez1438@correo.test,correo.test,Administración,2024-11-16
1439,Javier Hernández Vázquez,javier.hernandez.vazquez1439@aurora-mail.test,aurora-mail.test,Particular,2022-10-29
1440,Jorge Moreno Hernández,jorge.moreno.hernandez1440@mailbox.test,mailbox.test,Particular,2022-01-17
1441,Sofía Rodríguez Ruiz,sofia.rodriguez.ruiz1441@aurora-corp.test,aurora-corp.test,Particular,2024-05-14
1442,Elena Gómez López,elena.gomez.lopez1442@mailbox.test,mailbox.test,Empresa,2023-01-23
1443,Clara Ramos Moreno,clara.ramos.moreno1443@mailbox.test,mailbox.test,Particular,2025-06-15
1444,Paula Pérez Martín,paula.perez.martin1444@correo.test,correo.test,Particular,2022-03-28
1445,Marta Ruiz Ruiz,marta.ruiz.ruiz1445@correo.test,correo.test,Particular,2025-07-01
1446,Raúl Moreno Álvarez,raul.moreno.alvarez1446@aurora-mail.test,aurora-mail.test,Particular,2024-03-30
1447,Marta Muñoz García,marta.muñoz.garcia1447@aurora-corp.test,aurora-corp.test,Particular,2024-01-03
1448,Andrés Sánchez Hernández,andres.sanchez.hernandez1448@correo.test,correo.test,Empresa,2023-02-03
1449,Javier Rodríguez García,javier.rodriguez.garcia1449@aurora-mail.test,aurora-mail.test,Particular,2023-02-10
1450,Diego Díaz Pérez,diego.diaz.perez1450@mailbox.test,mailbox.test,Particular,2025-02-09
1451,Elena García Pérez,elena.garcia.perez1451@mailbox.test,mailbox.test,Particular,2022-07-27
1452,Sofía Álvarez Martín,sofia.alvarez.martin1452@mailbox.test,mailbox.test,Particular,2023-03-07
1453,Diego Muñoz Muñoz,diego.muñoz.muñoz1453@aurora-mail.test,aurora-mail.test,Administración,2024-12-15
1454,Jorge Romero López,jorge.romero.lopez1454@aurora-corp.test,aurora-corp.test,Flota,2022-10-23
1455,Sofía Gómez Gómez,sofia.gomez.gomez1455@correo.test,correo.test,Particular,2024-02-06
1456,Adrián Ruiz Rodríguez,adrian.ruiz.rodriguez1456@aurora-mail.test,aurora-mail.test,Particular,2025-01-01
1457,Sofía Moreno Ruiz,sofia.moreno.ruiz1457@aurora-corp.test,aurora-corp.test,Empresa,2025-07-13
1458,Sofía Navarro Vázquez,sofia.navarro.vazquez1458@correo.test,correo.test,Empresa,2023-03-05
1459,Raúl Ramos López,raul.ramos.lopez1459@aurora-mail.test,aurora-mail.test,Particular,2024-11-07
1460,Beatriz Muñoz Gutiérrez,beatriz.muñoz.gutierrez1460@correo.test,correo.test,Particular,2023-01-02
1461,Javier Navarro Gutiérrez,javier.navarro.gutierrez1461@correo.test,correo.test,Particular,2024-08-28
1462,Nuria Vázquez Rodríguez,nuria.vazquez.rodriguez1462@aurora-mail.test,aurora-mail.test,Flota,2023-03-26
1463,Clara Ruiz Álvarez,clara.ruiz.alvarez1463@aurora-mail.test,aurora-mail.test,Particular,2023-09-19
1464,Nuria Vázquez Pérez,nuria.vazquez.perez1464@mailbox.test,mailbox.test,Particular,2023-06-06
1465,Sofía López Hernández,sofia.lopez.hernandez1465@correo.test,correo.test,Particular,2024-11-28
1466,Patricia Rodríguez Alonso,patricia.rodriguez.alonso1466@mailbox.test,mailbox.test,Particular,2024-05-22
1467,Adrián Romero Muñoz,adrian.romero.muñoz1467@correo.test,correo.test,Particular,2023-10-12
1468,Marta Pérez Alonso,marta.perez.alonso1468@aurora-mail.test,aurora-mail.test,Empresa,2023-06-28
1469,Javier López Hernández,javier.lopez.hernandez1469@aurora-corp.test,aurora-corp.test,Flota,2023-07-21
1470,Andrés Martín López,andres.martin.lopez1470@mailbox.test,mailbox.test,Particular,2022-03-20
1471,Paula Gómez Moreno,paula.gomez.moreno1471@mailbox.test,mailbox.test,Empresa,2023-09-12
1472,Marina Gómez Ramos,marina.gomez.ramos1472@aurora-mail.test,aurora-mail.test,Flota,2025-01-17
1473,Marta Hernández Hernández,marta.hernandez.hernandez1473@mailbox.test,mailbox.test,Flota,2024-04-07
1474,Patricia García Gutiérrez,patricia.garcia.gutierrez1474@aurora-mail.test,aurora-mail.test,Particular,2024-03-25
1475,Elena Gutiérrez Ruiz,elena.gutierrez.ruiz1475@correo.test,correo.test,Particular,2024-08-02
1476,Lucía Moreno Gómez,lucia.moreno.gomez1476@correo.test,correo.test,Particular,2024-05-05
1477,Clara Torres García,clara.torres.garcia1477@mailbox.test,mailbox.test,Particular,2022-10-12
1478,Sofía Hernández García,sofia.hernandez.garcia1478@correo.test,correo.test,Empresa,2025-09-11
1479,Paula Ruiz Romero,paula.ruiz.romero1479@correo.test,correo.test,Empresa,2024-04-06
1480,Ismael Hernández Moreno,ismael.hernandez.moreno1480@aurora-corp.test,aurora-corp.test,Empresa,2025-03-08
1481,Sofía Sánchez Moreno,sofia.sanchez.moreno1481@correo.test,correo.test,Particular,2024-02-20
1482,Nuria López Torres,nuria.lopez.torres1482@correo.test,correo.test,Particular,2023-01-21
1483,Paula Vázquez Alonso,paula.vazquez.alonso1483@mailbox.test,mailbox.test,Particular,2022-07-10
1484,Ismael Pérez Rodríguez,ismael.perez.rodriguez1484@correo.test,correo.test,Particular,2022-02-24
1485,Lucía Álvarez Hernández,lucia.alvarez.hernandez1485@aurora-mail.test,aurora-mail.test,Particular,2023-04-23
1486,Beatriz López Alonso,beatriz.lopez.alonso1486@aurora-corp.test,aurora-corp.test,Particular,2024-01-25
1487,Pablo Moreno Romero,pablo.moreno.romero1487@correo.test,correo.test,Administración,2022-11-18
1488,Sofía Torres Romero,sofia.torres.romero1488@correo.test,correo.test,Particular,2022-05-21
1489,Elena Sánchez Gómez,elena.sanchez.gomez1489@mailbox.test,mailbox.test,Empresa,2024-06-04
1490,Raúl Pérez Ramos,raul.perez.ramos1490@mailbox.test,mailbox.test,Particular,2025-04-18
1491,Clara Díaz Gómez,clara.diaz.gomez1491@aurora-corp.test,aurora-corp.test,Particular,2022-10-20
1492,Nuria Ramos Ruiz,nuria.ramos.ruiz1492@mailbox.test,mailbox.test,Flota,2025-03-11
1493,Clara Alonso Vázquez,clara.alonso.vazquez1493@aurora-corp.test,aurora-corp.test,Particular,2022-07-06
1494,Clara Muñoz Hernández,clara.muñoz.hernandez1494@correo.test,correo.test,Empresa,2025-06-09
1495,Pablo Romero Ruiz,pablo.romero.ruiz1495@aurora-mail.test,aurora-mail.test,Empresa,2025-06-19
1496,Clara Álvarez Pérez,clara.alvarez.perez1496@aurora-corp.test,aurora-corp.test,Empresa,2024-03-16
1497,Carlos Ruiz Pérez,carlos.ruiz.perez1497@mailbox.test,mailbox.test,Particular,2025-07-10
1498,Lucía Gómez Gutiérrez,lucia.gomez.gutierrez1498@correo.test,correo.test,Particular,2025-02-06
1499,Javier López Martín,javier.lopez.martin1499@mailbox.test,mailbox.test,Particular,2024-04-19
1500,Marina Gómez Navarro,marina.gomez.navarro1500@aurora-corp.test,aurora-corp.test,Particular,2024-08-04
